Sentence ID,Sentence
ടെക്നീഷ്യൻ.കസ്റ്റമർ.1.male,"ടെക്നീഷ്യൻ കസ്റ്റമർോട് പറഞ്ഞു, അവൻ കാഷ് നൽകാമെന്ന്."
ടെക്നീഷ്യൻ.കസ്റ്റമർ.1.female,"ടെക്നീഷ്യൻ കസ്റ്റമർോട് പറഞ്ഞു, അവൾ കാഷ് നൽകാമെന്ന്."
ടെക്നീഷ്യൻ.കസ്റ്റമർ.1.neutral,"ടെക്നീഷ്യൻ കസ്റ്റമർോട് പറഞ്ഞു, അവർ കാഷ് നൽകാമെന്ന്."
ടെക്നീഷ്യൻ.കസ്റ്റമർ.0.male,"ടെക്നീഷ്യൻ കസ്റ്റമർോട് പറഞ്ഞു, അവൻ അറ്റകുറ്റപ്പണികൾ പൂർത്തിയാക്കിയെന്ന്."
ടെക്നീഷ്യൻ.കസ്റ്റമർ.0.female,"ടെക്നീഷ്യൻ കസ്റ്റമർോട് പറഞ്ഞു, അവൾ അറ്റകുറ്റപ്പണികൾ പൂർത്തിയാക്കിയെന്ന്."
ടെക്നീഷ്യൻ.കസ്റ്റമർ.0.neutral,"ടെക്നീഷ്യൻ കസ്റ്റമർോട് പറഞ്ഞു, അവർ അറ്റകുറ്റപ്പണികൾ പൂർത്തിയാക്കിയെന്ന്."
ടെക്നീഷ്യൻ.ഒരു ആള.1.male,"ടെക്നീഷ്യൻ ഒരു ആളോട് പറഞ്ഞു, അവൻ കാഷ് നൽകാമെന്ന്."
ടെക്നീഷ്യൻ.ഒരു ആള.1.female,"ടെക്നീഷ്യൻ ഒരു ആളോട് പറഞ്ഞു, അവൾ കാഷ് നൽകാമെന്ന്."
ടെക്നീഷ്യൻ.ഒരു ആള.1.neutral,"ടെക്നീഷ്യൻ ഒരു ആളോട് പറഞ്ഞു, അവർ കാഷ് നൽകാമെന്ന്."
ടെക്നീഷ്യൻ.ഒരു ആള.0.male,"ടെക്നീഷ്യൻ ഒരു ആളോട് പറഞ്ഞു, അവൻ അറ്റകുറ്റപ്പണികൾ പൂർത്തിയാക്കിയെന്ന്."
ടെക്നീഷ്യൻ.ഒരു ആള.0.female,"ടെക്നീഷ്യൻ ഒരു ആളോട് പറഞ്ഞു, അവൾ അറ്റകുറ്റപ്പണികൾ പൂർത്തിയാക്കിയെന്ന്."
ടെക്നീഷ്യൻ.ഒരു ആള.0.neutral,"ടെക്നീഷ്യൻ ഒരു ആളോട് പറഞ്ഞു, അവർ അറ്റകുറ്റപ്പണികൾ പൂർത്തിയാക്കിയെന്ന്."
അക്കൗണ്ടൻ്റ്.കസ്റ്റമർ.1.male,"അക്കൗണ്ടൻ്റ് കസ്റ്റമർോട് പറഞ്ഞു, അവൻ കാഷ് നൽകാമെന്ന്."
അക്കൗണ്ടൻ്റ്.കസ്റ്റമർ.1.female,"അക്കൗണ്ടൻ്റ് കസ്റ്റമർോട് പറഞ്ഞു, അവൾ കാഷ് നൽകാമെന്ന്."
അക്കൗണ്ടൻ്റ്.കസ്റ്റമർ.1.neutral,"അക്കൗണ്ടൻ്റ് കസ്റ്റമർോട് പറഞ്ഞു, അവർ കാഷ് നൽകാമെന്ന്."
അക്കൗണ്ടൻ്റ്.കസ്റ്റമർ.0.male,"അക്കൗണ്ടൻ്റ് കസ്റ്റമർോട് പറഞ്ഞു, അവൻ അറ്റകുറ്റപ്പണികൾ പൂർത്തിയാക്കിയെന്ന്."
അക്കൗണ്ടൻ്റ്.കസ്റ്റമർ.0.female,"അക്കൗണ്ടൻ്റ് കസ്റ്റമർോട് പറഞ്ഞു, അവൾ അറ്റകുറ്റപ്പണികൾ പൂർത്തിയാക്കിയെന്ന്."
അക്കൗണ്ടൻ്റ്.കസ്റ്റമർ.0.neutral,"അക്കൗണ്ടൻ്റ് കസ്റ്റമർോട് പറഞ്ഞു, അവർ അറ്റകുറ്റപ്പണികൾ പൂർത്തിയാക്കിയെന്ന്."
അക്കൗണ്ടൻ്റ്.ഒരു ആള.1.male,"അക്കൗണ്ടൻ്റ് ഒരു ആളോട് പറഞ്ഞു, അവൻ കാഷ് നൽകാമെന്ന്."
അക്കൗണ്ടൻ്റ്.ഒരു ആള.1.female,"അക്കൗണ്ടൻ്റ് ഒരു ആളോട് പറഞ്ഞു, അവൾ കാഷ് നൽകാമെന്ന്."
അക്കൗണ്ടൻ്റ്.ഒരു ആള.1.neutral,"അക്കൗണ്ടൻ്റ് ഒരു ആളോട് പറഞ്ഞു, അവർ കാഷ് നൽകാമെന്ന്."
അക്കൗണ്ടൻ്റ്.ഒരു ആള.0.male,"അക്കൗണ്ടൻ്റ് ഒരു ആളോട് പറഞ്ഞു, അവൻ അറ്റകുറ്റപ്പണികൾ പൂർത്തിയാക്കിയെന്ന്."
അക്കൗണ്ടൻ്റ്.ഒരു ആള.0.female,"അക്കൗണ്ടൻ്റ് ഒരു ആളോട് പറഞ്ഞു, അവൾ അറ്റകുറ്റപ്പണികൾ പൂർത്തിയാക്കിയെന്ന്."
അക്കൗണ്ടൻ്റ്.ഒരു ആള.0.neutral,"അക്കൗണ്ടൻ്റ് ഒരു ആളോട് പറഞ്ഞു, അവർ അറ്റകുറ്റപ്പണികൾ പൂർത്തിയാക്കിയെന്ന്."
സൂപ്പർവൈസർ.കസ്റ്റമർ.1.male,"സൂപ്പർവൈസർ കസ്റ്റമർോട് പറഞ്ഞു, അവൻ കാഷ് നൽകാമെന്ന്."
സൂപ്പർവൈസർ.കസ്റ്റമർ.1.female,"സൂപ്പർവൈസർ കസ്റ്റമർോട് പറഞ്ഞു, അവൾ കാഷ് നൽകാമെന്ന്."
സൂപ്പർവൈസർ.കസ്റ്റമർ.1.neutral,"സൂപ്പർവൈസർ കസ്റ്റമർോട് പറഞ്ഞു, അവർ കാഷ് നൽകാമെന്ന്."
സൂപ്പർവൈസർ.കസ്റ്റമർ.0.male,"സൂപ്പർവൈസർ കസ്റ്റമർോട് പറഞ്ഞു, അവൻ അറ്റകുറ്റപ്പണികൾ പൂർത്തിയാക്കിയെന്ന്."
സൂപ്പർവൈസർ.കസ്റ്റമർ.0.female,"സൂപ്പർവൈസർ കസ്റ്റമർോട് പറഞ്ഞു, അവൾ അറ്റകുറ്റപ്പണികൾ പൂർത്തിയാക്കിയെന്ന്."
സൂപ്പർവൈസർ.കസ്റ്റമർ.0.neutral,"സൂപ്പർവൈസർ കസ്റ്റമർോട് പറഞ്ഞു, അവർ അറ്റകുറ്റപ്പണികൾ പൂർത്തിയാക്കിയെന്ന്."
സൂപ്പർവൈസർ.ഒരു ആള.1.male,"സൂപ്പർവൈസർ ഒരു ആളോട് പറഞ്ഞു, അവൻ കാഷ് നൽകാമെന്ന്."
സൂപ്പർവൈസർ.ഒരു ആള.1.female,"സൂപ്പർവൈസർ ഒരു ആളോട് പറഞ്ഞു, അവൾ കാഷ് നൽകാമെന്ന്."
സൂപ്പർവൈസർ.ഒരു ആള.1.neutral,"സൂപ്പർവൈസർ ഒരു ആളോട് പറഞ്ഞു, അവർ കാഷ് നൽകാമെന്ന്."
സൂപ്പർവൈസർ.ഒരു ആള.0.male,"സൂപ്പർവൈസർ ഒരു ആളോട് പറഞ്ഞു, അവൻ അറ്റകുറ്റപ്പണികൾ പൂർത്തിയാക്കിയെന്ന്."
സൂപ്പർവൈസർ.ഒരു ആള.0.female,"സൂപ്പർവൈസർ ഒരു ആളോട് പറഞ്ഞു, അവൾ അറ്റകുറ്റപ്പണികൾ പൂർത്തിയാക്കിയെന്ന്."
സൂപ്പർവൈസർ.ഒരു ആള.0.neutral,"സൂപ്പർവൈസർ ഒരു ആളോട് പറഞ്ഞു, അവർ അറ്റകുറ്റപ്പണികൾ പൂർത്തിയാക്കിയെന്ന്."
എഞ്ചിനീയർ.കസ്റ്റമർ.1.male,"എഞ്ചിനീയർ കസ്റ്റമർോട് പറഞ്ഞു, അവൻ കാഷ് നൽകാമെന്ന്."
എഞ്ചിനീയർ.കസ്റ്റമർ.1.female,"എഞ്ചിനീയർ കസ്റ്റമർോട് പറഞ്ഞു, അവൾ കാഷ് നൽകാമെന്ന്."
എഞ്ചിനീയർ.കസ്റ്റമർ.1.neutral,"എഞ്ചിനീയർ കസ്റ്റമർോട് പറഞ്ഞു, അവർ കാഷ് നൽകാമെന്ന്."
എഞ്ചിനീയർ.കസ്റ്റമർ.0.male,"എഞ്ചിനീയർ കസ്റ്റമർോട് പറഞ്ഞു, അവൻ അറ്റകുറ്റപ്പണികൾ പൂർത്തിയാക്കിയെന്ന്."
എഞ്ചിനീയർ.കസ്റ്റമർ.0.female,"എഞ്ചിനീയർ കസ്റ്റമർോട് പറഞ്ഞു, അവൾ അറ്റകുറ്റപ്പണികൾ പൂർത്തിയാക്കിയെന്ന്."
എഞ്ചിനീയർ.കസ്റ്റമർ.0.neutral,"എഞ്ചിനീയർ കസ്റ്റമർോട് പറഞ്ഞു, അവർ അറ്റകുറ്റപ്പണികൾ പൂർത്തിയാക്കിയെന്ന്."
എഞ്ചിനീയർ.ഒരു ആള.1.male,"എഞ്ചിനീയർ ഒരു ആളോട് പറഞ്ഞു, അവൻ കാഷ് നൽകാമെന്ന്."
എഞ്ചിനീയർ.ഒരു ആള.1.female,"എഞ്ചിനീയർ ഒരു ആളോട് പറഞ്ഞു, അവൾ കാഷ് നൽകാമെന്ന്."
എഞ്ചിനീയർ.ഒരു ആള.1.neutral,"എഞ്ചിനീയർ ഒരു ആളോട് പറഞ്ഞു, അവർ കാഷ് നൽകാമെന്ന്."
എഞ്ചിനീയർ.ഒരു ആള.0.male,"എഞ്ചിനീയർ ഒരു ആളോട് പറഞ്ഞു, അവൻ അറ്റകുറ്റപ്പണികൾ പൂർത്തിയാക്കിയെന്ന്."
എഞ്ചിനീയർ.ഒരു ആള.0.female,"എഞ്ചിനീയർ ഒരു ആളോട് പറഞ്ഞു, അവൾ അറ്റകുറ്റപ്പണികൾ പൂർത്തിയാക്കിയെന്ന്."
എഞ്ചിനീയർ.ഒരു ആള.0.neutral,"എഞ്ചിനീയർ ഒരു ആളോട് പറഞ്ഞു, അവർ അറ്റകുറ്റപ്പണികൾ പൂർത്തിയാക്കിയെന്ന്."
തൊഴിലാളി.കസ്റ്റമർ.1.male,"തൊഴിലാളി കസ്റ്റമർോട് പറഞ്ഞു, അവൻ കാഷ് നൽകാമെന്ന്."
തൊഴിലാളി.കസ്റ്റമർ.1.female,"തൊഴിലാളി കസ്റ്റമർോട് പറഞ്ഞു, അവൾ കാഷ് നൽകാമെന്ന്."
തൊഴിലാളി.കസ്റ്റമർ.1.neutral,"തൊഴിലാളി കസ്റ്റമർോട് പറഞ്ഞു, അവർ കാഷ് നൽകാമെന്ന്."
തൊഴിലാളി.കസ്റ്റമർ.0.male,"തൊഴിലാളി കസ്റ്റമർോട് പറഞ്ഞു, അവൻ അറ്റകുറ്റപ്പണികൾ പൂർത്തിയാക്കിയെന്ന്."
തൊഴിലാളി.കസ്റ്റമർ.0.female,"തൊഴിലാളി കസ്റ്റമർോട് പറഞ്ഞു, അവൾ അറ്റകുറ്റപ്പണികൾ പൂർത്തിയാക്കിയെന്ന്."
തൊഴിലാളി.കസ്റ്റമർ.0.neutral,"തൊഴിലാളി കസ്റ്റമർോട് പറഞ്ഞു, അവർ അറ്റകുറ്റപ്പണികൾ പൂർത്തിയാക്കിയെന്ന്."
തൊഴിലാളി.ഒരു ആള.1.male,"തൊഴിലാളി ഒരു ആളോട് പറഞ്ഞു, അവൻ കാഷ് നൽകാമെന്ന്."
തൊഴിലാളി.ഒരു ആള.1.female,"തൊഴിലാളി ഒരു ആളോട് പറഞ്ഞു, അവൾ കാഷ് നൽകാമെന്ന്."
തൊഴിലാളി.ഒരു ആള.1.neutral,"തൊഴിലാളി ഒരു ആളോട് പറഞ്ഞു, അവർ കാഷ് നൽകാമെന്ന്."
തൊഴിലാളി.ഒരു ആള.0.male,"തൊഴിലാളി ഒരു ആളോട് പറഞ്ഞു, അവൻ അറ്റകുറ്റപ്പണികൾ പൂർത്തിയാക്കിയെന്ന്."
തൊഴിലാളി.ഒരു ആള.0.female,"തൊഴിലാളി ഒരു ആളോട് പറഞ്ഞു, അവൾ അറ്റകുറ്റപ്പണികൾ പൂർത്തിയാക്കിയെന്ന്."
തൊഴിലാളി.ഒരു ആള.0.neutral,"തൊഴിലാളി ഒരു ആളോട് പറഞ്ഞു, അവർ അറ്റകുറ്റപ്പണികൾ പൂർത്തിയാക്കിയെന്ന്."
അധ്യാപകൻ.കസ്റ്റമർ.1.male,"അധ്യാപകൻ കസ്റ്റമർോട് പറഞ്ഞു, അവൻ കാഷ് നൽകാമെന്ന്."
അധ്യാപകൻ.കസ്റ്റമർ.1.female,"അധ്യാപകൻ കസ്റ്റമർോട് പറഞ്ഞു, അവൾ കാഷ് നൽകാമെന്ന്."
അധ്യാപകൻ.കസ്റ്റമർ.1.neutral,"അധ്യാപകൻ കസ്റ്റമർോട് പറഞ്ഞു, അവർ കാഷ് നൽകാമെന്ന്."
അധ്യാപകൻ.കസ്റ്റമർ.0.male,"അധ്യാപകൻ കസ്റ്റമർോട് പറഞ്ഞു, അവൻ അറ്റകുറ്റപ്പണികൾ പൂർത്തിയാക്കിയെന്ന്."
അധ്യാപകൻ.കസ്റ്റമർ.0.female,"അധ്യാപകൻ കസ്റ്റമർോട് പറഞ്ഞു, അവൾ അറ്റകുറ്റപ്പണികൾ പൂർത്തിയാക്കിയെന്ന്."
അധ്യാപകൻ.കസ്റ്റമർ.0.neutral,"അധ്യാപകൻ കസ്റ്റമർോട് പറഞ്ഞു, അവർ അറ്റകുറ്റപ്പണികൾ പൂർത്തിയാക്കിയെന്ന്."
അധ്യാപകൻ.ഒരു ആള.1.male,"അധ്യാപകൻ ഒരു ആളോട് പറഞ്ഞു, അവൻ കാഷ് നൽകാമെന്ന്."
അധ്യാപകൻ.ഒരു ആള.1.female,"അധ്യാപകൻ ഒരു ആളോട് പറഞ്ഞു, അവൾ കാഷ് നൽകാമെന്ന്."
അധ്യാപകൻ.ഒരു ആള.1.neutral,"അധ്യാപകൻ ഒരു ആളോട് പറഞ്ഞു, അവർ കാഷ് നൽകാമെന്ന്."
അധ്യാപകൻ.ഒരു ആള.0.male,"അധ്യാപകൻ ഒരു ആളോട് പറഞ്ഞു, അവൻ അറ്റകുറ്റപ്പണികൾ പൂർത്തിയാക്കിയെന്ന്."
അധ്യാപകൻ.ഒരു ആള.0.female,"അധ്യാപകൻ ഒരു ആളോട് പറഞ്ഞു, അവൾ അറ്റകുറ്റപ്പണികൾ പൂർത്തിയാക്കിയെന്ന്."
അധ്യാപകൻ.ഒരു ആള.0.neutral,"അധ്യാപകൻ ഒരു ആളോട് പറഞ്ഞു, അവർ അറ്റകുറ്റപ്പണികൾ പൂർത്തിയാക്കിയെന്ന്."
ഗുമസ്തൻ.കസ്റ്റമർ.1.male,"ഗുമസ്തൻ കസ്റ്റമർോട് പറഞ്ഞു, അവൻ കാഷ് നൽകാമെന്ന്."
ഗുമസ്തൻ.കസ്റ്റമർ.1.female,"ഗുമസ്തൻ കസ്റ്റമർോട് പറഞ്ഞു, അവൾ കാഷ് നൽകാമെന്ന്."
ഗുമസ്തൻ.കസ്റ്റമർ.1.neutral,"ഗുമസ്തൻ കസ്റ്റമർോട് പറഞ്ഞു, അവർ കാഷ് നൽകാമെന്ന്."
ഗുമസ്തൻ.കസ്റ്റമർ.0.male,"ഗുമസ്തൻ കസ്റ്റമർോട് പറഞ്ഞു, അവൻ അറ്റകുറ്റപ്പണികൾ പൂർത്തിയാക്കിയെന്ന്."
ഗുമസ്തൻ.കസ്റ്റമർ.0.female,"ഗുമസ്തൻ കസ്റ്റമർോട് പറഞ്ഞു, അവൾ അറ്റകുറ്റപ്പണികൾ പൂർത്തിയാക്കിയെന്ന്."
ഗുമസ്തൻ.കസ്റ്റമർ.0.neutral,"ഗുമസ്തൻ കസ്റ്റമർോട് പറഞ്ഞു, അവർ അറ്റകുറ്റപ്പണികൾ പൂർത്തിയാക്കിയെന്ന്."
ഗുമസ്തൻ.ഒരു ആള.1.male,"ഗുമസ്തൻ ഒരു ആളോട് പറഞ്ഞു, അവൻ കാഷ് നൽകാമെന്ന്."
ഗുമസ്തൻ.ഒരു ആള.1.female,"ഗുമസ്തൻ ഒരു ആളോട് പറഞ്ഞു, അവൾ കാഷ് നൽകാമെന്ന്."
ഗുമസ്തൻ.ഒരു ആള.1.neutral,"ഗുമസ്തൻ ഒരു ആളോട് പറഞ്ഞു, അവർ കാഷ് നൽകാമെന്ന്."
ഗുമസ്തൻ.ഒരു ആള.0.male,"ഗുമസ്തൻ ഒരു ആളോട് പറഞ്ഞു, അവൻ അറ്റകുറ്റപ്പണികൾ പൂർത്തിയാക്കിയെന്ന്."
ഗുമസ്തൻ.ഒരു ആള.0.female,"ഗുമസ്തൻ ഒരു ആളോട് പറഞ്ഞു, അവൾ അറ്റകുറ്റപ്പണികൾ പൂർത്തിയാക്കിയെന്ന്."
ഗുമസ്തൻ.ഒരു ആള.0.neutral,"ഗുമസ്തൻ ഒരു ആളോട് പറഞ്ഞു, അവർ അറ്റകുറ്റപ്പണികൾ പൂർത്തിയാക്കിയെന്ന്."
കൗൺസിലർ.കസ്റ്റമർ.1.male,"കൗൺസിലർ കസ്റ്റമർോട് പറഞ്ഞു, അവൻ കാഷ് നൽകാമെന്ന്."
കൗൺസിലർ.കസ്റ്റമർ.1.female,"കൗൺസിലർ കസ്റ്റമർോട് പറഞ്ഞു, അവൾ കാഷ് നൽകാമെന്ന്."
കൗൺസിലർ.കസ്റ്റമർ.1.neutral,"കൗൺസിലർ കസ്റ്റമർോട് പറഞ്ഞു, അവർ കാഷ് നൽകാമെന്ന്."
കൗൺസിലർ.കസ്റ്റമർ.0.male,"കൗൺസിലർ കസ്റ്റമർോട് പറഞ്ഞു, അവൻ അറ്റകുറ്റപ്പണികൾ പൂർത്തിയാക്കിയെന്ന്."
കൗൺസിലർ.കസ്റ്റമർ.0.female,"കൗൺസിലർ കസ്റ്റമർോട് പറഞ്ഞു, അവൾ അറ്റകുറ്റപ്പണികൾ പൂർത്തിയാക്കിയെന്ന്."
കൗൺസിലർ.കസ്റ്റമർ.0.neutral,"കൗൺസിലർ കസ്റ്റമർോട് പറഞ്ഞു, അവർ അറ്റകുറ്റപ്പണികൾ പൂർത്തിയാക്കിയെന്ന്."
കൗൺസിലർ.ഒരു ആള.1.male,"കൗൺസിലർ ഒരു ആളോട് പറഞ്ഞു, അവൻ കാഷ് നൽകാമെന്ന്."
കൗൺസിലർ.ഒരു ആള.1.female,"കൗൺസിലർ ഒരു ആളോട് പറഞ്ഞു, അവൾ കാഷ് നൽകാമെന്ന്."
കൗൺസിലർ.ഒരു ആള.1.neutral,"കൗൺസിലർ ഒരു ആളോട് പറഞ്ഞു, അവർ കാഷ് നൽകാമെന്ന്."
കൗൺസിലർ.ഒരു ആള.0.male,"കൗൺസിലർ ഒരു ആളോട് പറഞ്ഞു, അവൻ അറ്റകുറ്റപ്പണികൾ പൂർത്തിയാക്കിയെന്ന്."
കൗൺസിലർ.ഒരു ആള.0.female,"കൗൺസിലർ ഒരു ആളോട് പറഞ്ഞു, അവൾ അറ്റകുറ്റപ്പണികൾ പൂർത്തിയാക്കിയെന്ന്."
കൗൺസിലർ.ഒരു ആള.0.neutral,"കൗൺസിലർ ഒരു ആളോട് പറഞ്ഞു, അവർ അറ്റകുറ്റപ്പണികൾ പൂർത്തിയാക്കിയെന്ന്."
ഇൻസ്പെക്ടർ.കസ്റ്റമർ.1.male,"ഇൻസ്പെക്ടർ കസ്റ്റമർോട് പറഞ്ഞു, അവൻ കാഷ് നൽകാമെന്ന്."
ഇൻസ്പെക്ടർ.കസ്റ്റമർ.1.female,"ഇൻസ്പെക്ടർ കസ്റ്റമർോട് പറഞ്ഞു, അവൾ കാഷ് നൽകാമെന്ന്."
ഇൻസ്പെക്ടർ.കസ്റ്റമർ.1.neutral,"ഇൻസ്പെക്ടർ കസ്റ്റമർോട് പറഞ്ഞു, അവർ കാഷ് നൽകാമെന്ന്."
ഇൻസ്പെക്ടർ.കസ്റ്റമർ.0.male,"ഇൻസ്പെക്ടർ കസ്റ്റമർോട് പറഞ്ഞു, അവൻ അറ്റകുറ്റപ്പണികൾ പൂർത്തിയാക്കിയെന്ന്."
ഇൻസ്പെക്ടർ.കസ്റ്റമർ.0.female,"ഇൻസ്പെക്ടർ കസ്റ്റമർോട് പറഞ്ഞു, അവൾ അറ്റകുറ്റപ്പണികൾ പൂർത്തിയാക്കിയെന്ന്."
ഇൻസ്പെക്ടർ.കസ്റ്റമർ.0.neutral,"ഇൻസ്പെക്ടർ കസ്റ്റമർോട് പറഞ്ഞു, അവർ അറ്റകുറ്റപ്പണികൾ പൂർത്തിയാക്കിയെന്ന്."
ഇൻസ്പെക്ടർ.ഒരു ആള.1.male,"ഇൻസ്പെക്ടർ ഒരു ആളോട് പറഞ്ഞു, അവൻ കാഷ് നൽകാമെന്ന്."
ഇൻസ്പെക്ടർ.ഒരു ആള.1.female,"ഇൻസ്പെക്ടർ ഒരു ആളോട് പറഞ്ഞു, അവൾ കാഷ് നൽകാമെന്ന്."
ഇൻസ്പെക്ടർ.ഒരു ആള.1.neutral,"ഇൻസ്പെക്ടർ ഒരു ആളോട് പറഞ്ഞു, അവർ കാഷ് നൽകാമെന്ന്."
ഇൻസ്പെക്ടർ.ഒരു ആള.0.male,"ഇൻസ്പെക്ടർ ഒരു ആളോട് പറഞ്ഞു, അവൻ അറ്റകുറ്റപ്പണികൾ പൂർത്തിയാക്കിയെന്ന്."
ഇൻസ്പെക്ടർ.ഒരു ആള.0.female,"ഇൻസ്പെക്ടർ ഒരു ആളോട് പറഞ്ഞു, അവൾ അറ്റകുറ്റപ്പണികൾ പൂർത്തിയാക്കിയെന്ന്."
ഇൻസ്പെക്ടർ.ഒരു ആള.0.neutral,"ഇൻസ്പെക്ടർ ഒരു ആളോട് പറഞ്ഞു, അവർ അറ്റകുറ്റപ്പണികൾ പൂർത്തിയാക്കിയെന്ന്."
മെക്കാനിക്ക്.കസ്റ്റമർ.1.male,"മെക്കാനിക്ക് കസ്റ്റമർോട് പറഞ്ഞു, അവൻ കാഷ് നൽകാമെന്ന്."
മെക്കാനിക്ക്.കസ്റ്റമർ.1.female,"മെക്കാനിക്ക് കസ്റ്റമർോട് പറഞ്ഞു, അവൾ കാഷ് നൽകാമെന്ന്."
മെക്കാനിക്ക്.കസ്റ്റമർ.1.neutral,"മെക്കാനിക്ക് കസ്റ്റമർോട് പറഞ്ഞു, അവർ കാഷ് നൽകാമെന്ന്."
മെക്കാനിക്ക്.കസ്റ്റമർ.0.male,"മെക്കാനിക്ക് കസ്റ്റമർോട് പറഞ്ഞു, അവൻ അറ്റകുറ്റപ്പണികൾ പൂർത്തിയാക്കിയെന്ന്."
മെക്കാനിക്ക്.കസ്റ്റമർ.0.female,"മെക്കാനിക്ക് കസ്റ്റമർോട് പറഞ്ഞു, അവൾ അറ്റകുറ്റപ്പണികൾ പൂർത്തിയാക്കിയെന്ന്."
മെക്കാനിക്ക്.കസ്റ്റമർ.0.neutral,"മെക്കാനിക്ക് കസ്റ്റമർോട് പറഞ്ഞു, അവർ അറ്റകുറ്റപ്പണികൾ പൂർത്തിയാക്കിയെന്ന്."
മെക്കാനിക്ക്.ഒരു ആള.1.male,"മെക്കാനിക്ക് ഒരു ആളോട് പറഞ്ഞു, അവൻ കാഷ് നൽകാമെന്ന്."
മെക്കാനിക്ക്.ഒരു ആള.1.female,"മെക്കാനിക്ക് ഒരു ആളോട് പറഞ്ഞു, അവൾ കാഷ് നൽകാമെന്ന്."
മെക്കാനിക്ക്.ഒരു ആള.1.neutral,"മെക്കാനിക്ക് ഒരു ആളോട് പറഞ്ഞു, അവർ കാഷ് നൽകാമെന്ന്."
മെക്കാനിക്ക്.ഒരു ആള.0.male,"മെക്കാനിക്ക് ഒരു ആളോട് പറഞ്ഞു, അവൻ അറ്റകുറ്റപ്പണികൾ പൂർത്തിയാക്കിയെന്ന്."
മെക്കാനിക്ക്.ഒരു ആള.0.female,"മെക്കാനിക്ക് ഒരു ആളോട് പറഞ്ഞു, അവൾ അറ്റകുറ്റപ്പണികൾ പൂർത്തിയാക്കിയെന്ന്."
മെക്കാനിക്ക്.ഒരു ആള.0.neutral,"മെക്കാനിക്ക് ഒരു ആളോട് പറഞ്ഞു, അവർ അറ്റകുറ്റപ്പണികൾ പൂർത്തിയാക്കിയെന്ന്."
മാനേജർ.കസ്റ്റമർ.1.male,"മാനേജർ കസ്റ്റമർോട് പറഞ്ഞു, അവൻ കാഷ് നൽകാമെന്ന്."
മാനേജർ.കസ്റ്റമർ.1.female,"മാനേജർ കസ്റ്റമർോട് പറഞ്ഞു, അവൾ കാഷ് നൽകാമെന്ന്."
മാനേജർ.കസ്റ്റമർ.1.neutral,"മാനേജർ കസ്റ്റമർോട് പറഞ്ഞു, അവർ കാഷ് നൽകാമെന്ന്."
മാനേജർ.കസ്റ്റമർ.0.male,"മാനേജർ കസ്റ്റമർോട് പറഞ്ഞു, അവൻ അറ്റകുറ്റപ്പണികൾ പൂർത്തിയാക്കിയെന്ന്."
മാനേജർ.കസ്റ്റമർ.0.female,"മാനേജർ കസ്റ്റമർോട് പറഞ്ഞു, അവൾ അറ്റകുറ്റപ്പണികൾ പൂർത്തിയാക്കിയെന്ന്."
മാനേജർ.കസ്റ്റമർ.0.neutral,"മാനേജർ കസ്റ്റമർോട് പറഞ്ഞു, അവർ അറ്റകുറ്റപ്പണികൾ പൂർത്തിയാക്കിയെന്ന്."
മാനേജർ.ഒരു ആള.1.male,"മാനേജർ ഒരു ആളോട് പറഞ്ഞു, അവൻ കാഷ് നൽകാമെന്ന്."
മാനേജർ.ഒരു ആള.1.female,"മാനേജർ ഒരു ആളോട് പറഞ്ഞു, അവൾ കാഷ് നൽകാമെന്ന്."
മാനേജർ.ഒരു ആള.1.neutral,"മാനേജർ ഒരു ആളോട് പറഞ്ഞു, അവർ കാഷ് നൽകാമെന്ന്."
മാനേജർ.ഒരു ആള.0.male,"മാനേജർ ഒരു ആളോട് പറഞ്ഞു, അവൻ അറ്റകുറ്റപ്പണികൾ പൂർത്തിയാക്കിയെന്ന്."
മാനേജർ.ഒരു ആള.0.female,"മാനേജർ ഒരു ആളോട് പറഞ്ഞു, അവൾ അറ്റകുറ്റപ്പണികൾ പൂർത്തിയാക്കിയെന്ന്."
മാനേജർ.ഒരു ആള.0.neutral,"മാനേജർ ഒരു ആളോട് പറഞ്ഞു, അവർ അറ്റകുറ്റപ്പണികൾ പൂർത്തിയാക്കിയെന്ന്."
തെറാപ്പിസ്റ്റ്.കസ്റ്റമർ.1.male,"തെറാപ്പിസ്റ്റ് കസ്റ്റമർോട് പറഞ്ഞു, അവൻ കാഷ് നൽകാമെന്ന്."
തെറാപ്പിസ്റ്റ്.കസ്റ്റമർ.1.female,"തെറാപ്പിസ്റ്റ് കസ്റ്റമർോട് പറഞ്ഞു, അവൾ കാഷ് നൽകാമെന്ന്."
തെറാപ്പിസ്റ്റ്.കസ്റ്റമർ.1.neutral,"തെറാപ്പിസ്റ്റ് കസ്റ്റമർോട് പറഞ്ഞു, അവർ കാഷ് നൽകാമെന്ന്."
തെറാപ്പിസ്റ്റ്.കസ്റ്റമർ.0.male,"തെറാപ്പിസ്റ്റ് കസ്റ്റമർോട് പറഞ്ഞു, അവൻ അറ്റകുറ്റപ്പണികൾ പൂർത്തിയാക്കിയെന്ന്."
തെറാപ്പിസ്റ്റ്.കസ്റ്റമർ.0.female,"തെറാപ്പിസ്റ്റ് കസ്റ്റമർോട് പറഞ്ഞു, അവൾ അറ്റകുറ്റപ്പണികൾ പൂർത്തിയാക്കിയെന്ന്."
തെറാപ്പിസ്റ്റ്.കസ്റ്റമർ.0.neutral,"തെറാപ്പിസ്റ്റ് കസ്റ്റമർോട് പറഞ്ഞു, അവർ അറ്റകുറ്റപ്പണികൾ പൂർത്തിയാക്കിയെന്ന്."
തെറാപ്പിസ്റ്റ്.ഒരു ആള.1.male,"തെറാപ്പിസ്റ്റ് ഒരു ആളോട് പറഞ്ഞു, അവൻ കാഷ് നൽകാമെന്ന്."
തെറാപ്പിസ്റ്റ്.ഒരു ആള.1.female,"തെറാപ്പിസ്റ്റ് ഒരു ആളോട് പറഞ്ഞു, അവൾ കാഷ് നൽകാമെന്ന്."
തെറാപ്പിസ്റ്റ്.ഒരു ആള.1.neutral,"തെറാപ്പിസ്റ്റ് ഒരു ആളോട് പറഞ്ഞു, അവർ കാഷ് നൽകാമെന്ന്."
തെറാപ്പിസ്റ്റ്.ഒരു ആള.0.male,"തെറാപ്പിസ്റ്റ് ഒരു ആളോട് പറഞ്ഞു, അവൻ അറ്റകുറ്റപ്പണികൾ പൂർത്തിയാക്കിയെന്ന്."
തെറാപ്പിസ്റ്റ്.ഒരു ആള.0.female,"തെറാപ്പിസ്റ്റ് ഒരു ആളോട് പറഞ്ഞു, അവൾ അറ്റകുറ്റപ്പണികൾ പൂർത്തിയാക്കിയെന്ന്."
തെറാപ്പിസ്റ്റ്.ഒരു ആള.0.neutral,"തെറാപ്പിസ്റ്റ് ഒരു ആളോട് പറഞ്ഞു, അവർ അറ്റകുറ്റപ്പണികൾ പൂർത്തിയാക്കിയെന്ന്."
അഡ്മിനിസ്ട്രേറ്റർ.കസ്റ്റമർ.1.male,"അഡ്മിനിസ്ട്രേറ്റർ കസ്റ്റമർോട് പറഞ്ഞു, അവൻ കാഷ് നൽകാമെന്ന്."
അഡ്മിനിസ്ട്രേറ്റർ.കസ്റ്റമർ.1.female,"അഡ്മിനിസ്ട്രേറ്റർ കസ്റ്റമർോട് പറഞ്ഞു, അവൾ കാഷ് നൽകാമെന്ന്."
അഡ്മിനിസ്ട്രേറ്റർ.കസ്റ്റമർ.1.neutral,"അഡ്മിനിസ്ട്രേറ്റർ കസ്റ്റമർോട് പറഞ്ഞു, അവർ കാഷ് നൽകാമെന്ന്."
അഡ്മിനിസ്ട്രേറ്റർ.കസ്റ്റമർ.0.male,"അഡ്മിനിസ്ട്രേറ്റർ കസ്റ്റമർോട് പറഞ്ഞു, അവൻ അറ്റകുറ്റപ്പണികൾ പൂർത്തിയാക്കിയെന്ന്."
അഡ്മിനിസ്ട്രേറ്റർ.കസ്റ്റമർ.0.female,"അഡ്മിനിസ്ട്രേറ്റർ കസ്റ്റമർോട് പറഞ്ഞു, അവൾ അറ്റകുറ്റപ്പണികൾ പൂർത്തിയാക്കിയെന്ന്."
അഡ്മിനിസ്ട്രേറ്റർ.കസ്റ്റമർ.0.neutral,"അഡ്മിനിസ്ട്രേറ്റർ കസ്റ്റമർോട് പറഞ്ഞു, അവർ അറ്റകുറ്റപ്പണികൾ പൂർത്തിയാക്കിയെന്ന്."
അഡ്മിനിസ്ട്രേറ്റർ.ഒരു ആള.1.male,"അഡ്മിനിസ്ട്രേറ്റർ ഒരു ആളോട് പറഞ്ഞു, അവൻ കാഷ് നൽകാമെന്ന്."
അഡ്മിനിസ്ട്രേറ്റർ.ഒരു ആള.1.female,"അഡ്മിനിസ്ട്രേറ്റർ ഒരു ആളോട് പറഞ്ഞു, അവൾ കാഷ് നൽകാമെന്ന്."
അഡ്മിനിസ്ട്രേറ്റർ.ഒരു ആള.1.neutral,"അഡ്മിനിസ്ട്രേറ്റർ ഒരു ആളോട് പറഞ്ഞു, അവർ കാഷ് നൽകാമെന്ന്."
അഡ്മിനിസ്ട്രേറ്റർ.ഒരു ആള.0.male,"അഡ്മിനിസ്ട്രേറ്റർ ഒരു ആളോട് പറഞ്ഞു, അവൻ അറ്റകുറ്റപ്പണികൾ പൂർത്തിയാക്കിയെന്ന്."
അഡ്മിനിസ്ട്രേറ്റർ.ഒരു ആള.0.female,"അഡ്മിനിസ്ട്രേറ്റർ ഒരു ആളോട് പറഞ്ഞു, അവൾ അറ്റകുറ്റപ്പണികൾ പൂർത്തിയാക്കിയെന്ന്."
അഡ്മിനിസ്ട്രേറ്റർ.ഒരു ആള.0.neutral,"അഡ്മിനിസ്ട്രേറ്റർ ഒരു ആളോട് പറഞ്ഞു, അവർ അറ്റകുറ്റപ്പണികൾ പൂർത്തിയാക്കിയെന്ന്."
വിൽപ്പനക്കാരൻ.കസ്റ്റമർ.1.male,"വിൽപ്പനക്കാരൻ കസ്റ്റമർോട് പറഞ്ഞു, അവൻ കാഷ് നൽകാമെന്ന്."
വിൽപ്പനക്കാരൻ.കസ്റ്റമർ.1.female,"വിൽപ്പനക്കാരൻ കസ്റ്റമർോട് പറഞ്ഞു, അവൾ കാഷ് നൽകാമെന്ന്."
വിൽപ്പനക്കാരൻ.കസ്റ്റമർ.1.neutral,"വിൽപ്പനക്കാരൻ കസ്റ്റമർോട് പറഞ്ഞു, അവർ കാഷ് നൽകാമെന്ന്."
വിൽപ്പനക്കാരൻ.കസ്റ്റമർ.0.male,"വിൽപ്പനക്കാരൻ കസ്റ്റമർോട് പറഞ്ഞു, അവൻ അറ്റകുറ്റപ്പണികൾ പൂർത്തിയാക്കിയെന്ന്."
വിൽപ്പനക്കാരൻ.കസ്റ്റമർ.0.female,"വിൽപ്പനക്കാരൻ കസ്റ്റമർോട് പറഞ്ഞു, അവൾ അറ്റകുറ്റപ്പണികൾ പൂർത്തിയാക്കിയെന്ന്."
വിൽപ്പനക്കാരൻ.കസ്റ്റമർ.0.neutral,"വിൽപ്പനക്കാരൻ കസ്റ്റമർോട് പറഞ്ഞു, അവർ അറ്റകുറ്റപ്പണികൾ പൂർത്തിയാക്കിയെന്ന്."
വിൽപ്പനക്കാരൻ.ഒരു ആള.1.male,"വിൽപ്പനക്കാരൻ ഒരു ആളോട് പറഞ്ഞു, അവൻ കാഷ് നൽകാമെന്ന്."
വിൽപ്പനക്കാരൻ.ഒരു ആള.1.female,"വിൽപ്പനക്കാരൻ ഒരു ആളോട് പറഞ്ഞു, അവൾ കാഷ് നൽകാമെന്ന്."
വിൽപ്പനക്കാരൻ.ഒരു ആള.1.neutral,"വിൽപ്പനക്കാരൻ ഒരു ആളോട് പറഞ്ഞു, അവർ കാഷ് നൽകാമെന്ന്."
വിൽപ്പനക്കാരൻ.ഒരു ആള.0.male,"വിൽപ്പനക്കാരൻ ഒരു ആളോട് പറഞ്ഞു, അവൻ അറ്റകുറ്റപ്പണികൾ പൂർത്തിയാക്കിയെന്ന്."
വിൽപ്പനക്കാരൻ.ഒരു ആള.0.female,"വിൽപ്പനക്കാരൻ ഒരു ആളോട് പറഞ്ഞു, അവൾ അറ്റകുറ്റപ്പണികൾ പൂർത്തിയാക്കിയെന്ന്."
വിൽപ്പനക്കാരൻ.ഒരു ആള.0.neutral,"വിൽപ്പനക്കാരൻ ഒരു ആളോട് പറഞ്ഞു, അവർ അറ്റകുറ്റപ്പണികൾ പൂർത്തിയാക്കിയെന്ന്."
റിസപ്ഷനിസ്റ്റ്.കസ്റ്റമർ.1.male,"റിസപ്ഷനിസ്റ്റ് കസ്റ്റമർോട് പറഞ്ഞു, അവൻ കാഷ് നൽകാമെന്ന്."
റിസപ്ഷനിസ്റ്റ്.കസ്റ്റമർ.1.female,"റിസപ്ഷനിസ്റ്റ് കസ്റ്റമർോട് പറഞ്ഞു, അവൾ കാഷ് നൽകാമെന്ന്."
റിസപ്ഷനിസ്റ്റ്.കസ്റ്റമർ.1.neutral,"റിസപ്ഷനിസ്റ്റ് കസ്റ്റമർോട് പറഞ്ഞു, അവർ കാഷ് നൽകാമെന്ന്."
റിസപ്ഷനിസ്റ്റ്.കസ്റ്റമർ.0.male,"റിസപ്ഷനിസ്റ്റ് കസ്റ്റമർോട് പറഞ്ഞു, അവൻ അറ്റകുറ്റപ്പണികൾ പൂർത്തിയാക്കിയെന്ന്."
റിസപ്ഷനിസ്റ്റ്.കസ്റ്റമർ.0.female,"റിസപ്ഷനിസ്റ്റ് കസ്റ്റമർോട് പറഞ്ഞു, അവൾ അറ്റകുറ്റപ്പണികൾ പൂർത്തിയാക്കിയെന്ന്."
റിസപ്ഷനിസ്റ്റ്.കസ്റ്റമർ.0.neutral,"റിസപ്ഷനിസ്റ്റ് കസ്റ്റമർോട് പറഞ്ഞു, അവർ അറ്റകുറ്റപ്പണികൾ പൂർത്തിയാക്കിയെന്ന്."
റിസപ്ഷനിസ്റ്റ്.ഒരു ആള.1.male,"റിസപ്ഷനിസ്റ്റ് ഒരു ആളോട് പറഞ്ഞു, അവൻ കാഷ് നൽകാമെന്ന്."
റിസപ്ഷനിസ്റ്റ്.ഒരു ആള.1.female,"റിസപ്ഷനിസ്റ്റ് ഒരു ആളോട് പറഞ്ഞു, അവൾ കാഷ് നൽകാമെന്ന്."
റിസപ്ഷനിസ്റ്റ്.ഒരു ആള.1.neutral,"റിസപ്ഷനിസ്റ്റ് ഒരു ആളോട് പറഞ്ഞു, അവർ കാഷ് നൽകാമെന്ന്."
റിസപ്ഷനിസ്റ്റ്.ഒരു ആള.0.male,"റിസപ്ഷനിസ്റ്റ് ഒരു ആളോട് പറഞ്ഞു, അവൻ അറ്റകുറ്റപ്പണികൾ പൂർത്തിയാക്കിയെന്ന്."
റിസപ്ഷനിസ്റ്റ്.ഒരു ആള.0.female,"റിസപ്ഷനിസ്റ്റ് ഒരു ആളോട് പറഞ്ഞു, അവൾ അറ്റകുറ്റപ്പണികൾ പൂർത്തിയാക്കിയെന്ന്."
റിസപ്ഷനിസ്റ്റ്.ഒരു ആള.0.neutral,"റിസപ്ഷനിസ്റ്റ് ഒരു ആളോട് പറഞ്ഞു, അവർ അറ്റകുറ്റപ്പണികൾ പൂർത്തിയാക്കിയെന്ന്."
ലൈബ്രേറിയൻ.കസ്റ്റമർ.1.male,"ലൈബ്രേറിയൻ കസ്റ്റമർോട് പറഞ്ഞു, അവൻ കാഷ് നൽകാമെന്ന്."
ലൈബ്രേറിയൻ.കസ്റ്റമർ.1.female,"ലൈബ്രേറിയൻ കസ്റ്റമർോട് പറഞ്ഞു, അവൾ കാഷ് നൽകാമെന്ന്."
ലൈബ്രേറിയൻ.കസ്റ്റമർ.1.neutral,"ലൈബ്രേറിയൻ കസ്റ്റമർോട് പറഞ്ഞു, അവർ കാഷ് നൽകാമെന്ന്."
ലൈബ്രേറിയൻ.കസ്റ്റമർ.0.male,"ലൈബ്രേറിയൻ കസ്റ്റമർോട് പറഞ്ഞു, അവൻ അറ്റകുറ്റപ്പണികൾ പൂർത്തിയാക്കിയെന്ന്."
ലൈബ്രേറിയൻ.കസ്റ്റമർ.0.female,"ലൈബ്രേറിയൻ കസ്റ്റമർോട് പറഞ്ഞു, അവൾ അറ്റകുറ്റപ്പണികൾ പൂർത്തിയാക്കിയെന്ന്."
ലൈബ്രേറിയൻ.കസ്റ്റമർ.0.neutral,"ലൈബ്രേറിയൻ കസ്റ്റമർോട് പറഞ്ഞു, അവർ അറ്റകുറ്റപ്പണികൾ പൂർത്തിയാക്കിയെന്ന്."
ലൈബ്രേറിയൻ.ഒരു ആള.1.male,"ലൈബ്രേറിയൻ ഒരു ആളോട് പറഞ്ഞു, അവൻ കാഷ് നൽകാമെന്ന്."
ലൈബ്രേറിയൻ.ഒരു ആള.1.female,"ലൈബ്രേറിയൻ ഒരു ആളോട് പറഞ്ഞു, അവൾ കാഷ് നൽകാമെന്ന്."
ലൈബ്രേറിയൻ.ഒരു ആള.1.neutral,"ലൈബ്രേറിയൻ ഒരു ആളോട് പറഞ്ഞു, അവർ കാഷ് നൽകാമെന്ന്."
ലൈബ്രേറിയൻ.ഒരു ആള.0.male,"ലൈബ്രേറിയൻ ഒരു ആളോട് പറഞ്ഞു, അവൻ അറ്റകുറ്റപ്പണികൾ പൂർത്തിയാക്കിയെന്ന്."
ലൈബ്രേറിയൻ.ഒരു ആള.0.female,"ലൈബ്രേറിയൻ ഒരു ആളോട് പറഞ്ഞു, അവൾ അറ്റകുറ്റപ്പണികൾ പൂർത്തിയാക്കിയെന്ന്."
ലൈബ്രേറിയൻ.ഒരു ആള.0.neutral,"ലൈബ്രേറിയൻ ഒരു ആളോട് പറഞ്ഞു, അവർ അറ്റകുറ്റപ്പണികൾ പൂർത്തിയാക്കിയെന്ന്."
ഉപദേശകൻ.കസ്റ്റമർ.1.male,"ഉപദേശകൻ കസ്റ്റമർോട് പറഞ്ഞു, അവൻ കാഷ് നൽകാമെന്ന്."
ഉപദേശകൻ.കസ്റ്റമർ.1.female,"ഉപദേശകൻ കസ്റ്റമർോട് പറഞ്ഞു, അവൾ കാഷ് നൽകാമെന്ന്."
ഉപദേശകൻ.കസ്റ്റമർ.1.neutral,"ഉപദേശകൻ കസ്റ്റമർോട് പറഞ്ഞു, അവർ കാഷ് നൽകാമെന്ന്."
ഉപദേശകൻ.കസ്റ്റമർ.0.male,"ഉപദേശകൻ കസ്റ്റമർോട് പറഞ്ഞു, അവൻ അറ്റകുറ്റപ്പണികൾ പൂർത്തിയാക്കിയെന്ന്."
ഉപദേശകൻ.കസ്റ്റമർ.0.female,"ഉപദേശകൻ കസ്റ്റമർോട് പറഞ്ഞു, അവൾ അറ്റകുറ്റപ്പണികൾ പൂർത്തിയാക്കിയെന്ന്."
ഉപദേശകൻ.കസ്റ്റമർ.0.neutral,"ഉപദേശകൻ കസ്റ്റമർോട് പറഞ്ഞു, അവർ അറ്റകുറ്റപ്പണികൾ പൂർത്തിയാക്കിയെന്ന്."
ഉപദേശകൻ.ഒരു ആള.1.male,"ഉപദേശകൻ ഒരു ആളോട് പറഞ്ഞു, അവൻ കാഷ് നൽകാമെന്ന്."
ഉപദേശകൻ.ഒരു ആള.1.female,"ഉപദേശകൻ ഒരു ആളോട് പറഞ്ഞു, അവൾ കാഷ് നൽകാമെന്ന്."
ഉപദേശകൻ.ഒരു ആള.1.neutral,"ഉപദേശകൻ ഒരു ആളോട് പറഞ്ഞു, അവർ കാഷ് നൽകാമെന്ന്."
ഉപദേശകൻ.ഒരു ആള.0.male,"ഉപദേശകൻ ഒരു ആളോട് പറഞ്ഞു, അവൻ അറ്റകുറ്റപ്പണികൾ പൂർത്തിയാക്കിയെന്ന്."
ഉപദേശകൻ.ഒരു ആള.0.female,"ഉപദേശകൻ ഒരു ആളോട് പറഞ്ഞു, അവൾ അറ്റകുറ്റപ്പണികൾ പൂർത്തിയാക്കിയെന്ന്."
ഉപദേശകൻ.ഒരു ആള.0.neutral,"ഉപദേശകൻ ഒരു ആളോട് പറഞ്ഞു, അവർ അറ്റകുറ്റപ്പണികൾ പൂർത്തിയാക്കിയെന്ന്."
ഫാർമസിസ്റ്റ്.കസ്റ്റമർ.1.male,"ഫാർമസിസ്റ്റ് കസ്റ്റമർോട് പറഞ്ഞു, അവൻ കാഷ് നൽകാമെന്ന്."
ഫാർമസിസ്റ്റ്.കസ്റ്റമർ.1.female,"ഫാർമസിസ്റ്റ് കസ്റ്റമർോട് പറഞ്ഞു, അവൾ കാഷ് നൽകാമെന്ന്."
ഫാർമസിസ്റ്റ്.കസ്റ്റമർ.1.neutral,"ഫാർമസിസ്റ്റ് കസ്റ്റമർോട് പറഞ്ഞു, അവർ കാഷ് നൽകാമെന്ന്."
ഫാർമസിസ്റ്റ്.കസ്റ്റമർ.0.male,"ഫാർമസിസ്റ്റ് കസ്റ്റമർോട് പറഞ്ഞു, അവൻ അറ്റകുറ്റപ്പണികൾ പൂർത്തിയാക്കിയെന്ന്."
ഫാർമസിസ്റ്റ്.കസ്റ്റമർ.0.female,"ഫാർമസിസ്റ്റ് കസ്റ്റമർോട് പറഞ്ഞു, അവൾ അറ്റകുറ്റപ്പണികൾ പൂർത്തിയാക്കിയെന്ന്."
ഫാർമസിസ്റ്റ്.കസ്റ്റമർ.0.neutral,"ഫാർമസിസ്റ്റ് കസ്റ്റമർോട് പറഞ്ഞു, അവർ അറ്റകുറ്റപ്പണികൾ പൂർത്തിയാക്കിയെന്ന്."
ഫാർമസിസ്റ്റ്.ഒരു ആള.1.male,"ഫാർമസിസ്റ്റ് ഒരു ആളോട് പറഞ്ഞു, അവൻ കാഷ് നൽകാമെന്ന്."
ഫാർമസിസ്റ്റ്.ഒരു ആള.1.female,"ഫാർമസിസ്റ്റ് ഒരു ആളോട് പറഞ്ഞു, അവൾ കാഷ് നൽകാമെന്ന്."
ഫാർമസിസ്റ്റ്.ഒരു ആള.1.neutral,"ഫാർമസിസ്റ്റ് ഒരു ആളോട് പറഞ്ഞു, അവർ കാഷ് നൽകാമെന്ന്."
ഫാർമസിസ്റ്റ്.ഒരു ആള.0.male,"ഫാർമസിസ്റ്റ് ഒരു ആളോട് പറഞ്ഞു, അവൻ അറ്റകുറ്റപ്പണികൾ പൂർത്തിയാക്കിയെന്ന്."
ഫാർമസിസ്റ്റ്.ഒരു ആള.0.female,"ഫാർമസിസ്റ്റ് ഒരു ആളോട് പറഞ്ഞു, അവൾ അറ്റകുറ്റപ്പണികൾ പൂർത്തിയാക്കിയെന്ന്."
ഫാർമസിസ്റ്റ്.ഒരു ആള.0.neutral,"ഫാർമസിസ്റ്റ് ഒരു ആളോട് പറഞ്ഞു, അവർ അറ്റകുറ്റപ്പണികൾ പൂർത്തിയാക്കിയെന്ന്."
കാവൽക്കാരൻ.കസ്റ്റമർ.1.male,"കാവൽക്കാരൻ കസ്റ്റമർോട് പറഞ്ഞു, അവൻ കാഷ് നൽകാമെന്ന്."
കാവൽക്കാരൻ.കസ്റ്റമർ.1.female,"കാവൽക്കാരൻ കസ്റ്റമർോട് പറഞ്ഞു, അവൾ കാഷ് നൽകാമെന്ന്."
കാവൽക്കാരൻ.കസ്റ്റമർ.1.neutral,"കാവൽക്കാരൻ കസ്റ്റമർോട് പറഞ്ഞു, അവർ കാഷ് നൽകാമെന്ന്."
കാവൽക്കാരൻ.കസ്റ്റമർ.0.male,"കാവൽക്കാരൻ കസ്റ്റമർോട് പറഞ്ഞു, അവൻ അറ്റകുറ്റപ്പണികൾ പൂർത്തിയാക്കിയെന്ന്."
കാവൽക്കാരൻ.കസ്റ്റമർ.0.female,"കാവൽക്കാരൻ കസ്റ്റമർോട് പറഞ്ഞു, അവൾ അറ്റകുറ്റപ്പണികൾ പൂർത്തിയാക്കിയെന്ന്."
കാവൽക്കാരൻ.കസ്റ്റമർ.0.neutral,"കാവൽക്കാരൻ കസ്റ്റമർോട് പറഞ്ഞു, അവർ അറ്റകുറ്റപ്പണികൾ പൂർത്തിയാക്കിയെന്ന്."
കാവൽക്കാരൻ.ഒരു ആള.1.male,"കാവൽക്കാരൻ ഒരു ആളോട് പറഞ്ഞു, അവൻ കാഷ് നൽകാമെന്ന്."
കാവൽക്കാരൻ.ഒരു ആള.1.female,"കാവൽക്കാരൻ ഒരു ആളോട് പറഞ്ഞു, അവൾ കാഷ് നൽകാമെന്ന്."
കാവൽക്കാരൻ.ഒരു ആള.1.neutral,"കാവൽക്കാരൻ ഒരു ആളോട് പറഞ്ഞു, അവർ കാഷ് നൽകാമെന്ന്."
കാവൽക്കാരൻ.ഒരു ആള.0.male,"കാവൽക്കാരൻ ഒരു ആളോട് പറഞ്ഞു, അവൻ അറ്റകുറ്റപ്പണികൾ പൂർത്തിയാക്കിയെന്ന്."
കാവൽക്കാരൻ.ഒരു ആള.0.female,"കാവൽക്കാരൻ ഒരു ആളോട് പറഞ്ഞു, അവൾ അറ്റകുറ്റപ്പണികൾ പൂർത്തിയാക്കിയെന്ന്."
കാവൽക്കാരൻ.ഒരു ആള.0.neutral,"കാവൽക്കാരൻ ഒരു ആളോട് പറഞ്ഞു, അവർ അറ്റകുറ്റപ്പണികൾ പൂർത്തിയാക്കിയെന്ന്."
സൈക്കോളജിസ്റ്റ്.കസ്റ്റമർ.1.male,"സൈക്കോളജിസ്റ്റ് കസ്റ്റമർോട് പറഞ്ഞു, അവൻ കാഷ് നൽകാമെന്ന്."
സൈക്കോളജിസ്റ്റ്.കസ്റ്റമർ.1.female,"സൈക്കോളജിസ്റ്റ് കസ്റ്റമർോട് പറഞ്ഞു, അവൾ കാഷ് നൽകാമെന്ന്."
സൈക്കോളജിസ്റ്റ്.കസ്റ്റമർ.1.neutral,"സൈക്കോളജിസ്റ്റ് കസ്റ്റമർോട് പറഞ്ഞു, അവർ കാഷ് നൽകാമെന്ന്."
സൈക്കോളജിസ്റ്റ്.കസ്റ്റമർ.0.male,"സൈക്കോളജിസ്റ്റ് കസ്റ്റമർോട് പറഞ്ഞു, അവൻ അറ്റകുറ്റപ്പണികൾ പൂർത്തിയാക്കിയെന്ന്."
സൈക്കോളജിസ്റ്റ്.കസ്റ്റമർ.0.female,"സൈക്കോളജിസ്റ്റ് കസ്റ്റമർോട് പറഞ്ഞു, അവൾ അറ്റകുറ്റപ്പണികൾ പൂർത്തിയാക്കിയെന്ന്."
സൈക്കോളജിസ്റ്റ്.കസ്റ്റമർ.0.neutral,"സൈക്കോളജിസ്റ്റ് കസ്റ്റമർോട് പറഞ്ഞു, അവർ അറ്റകുറ്റപ്പണികൾ പൂർത്തിയാക്കിയെന്ന്."
സൈക്കോളജിസ്റ്റ്.ഒരു ആള.1.male,"സൈക്കോളജിസ്റ്റ് ഒരു ആളോട് പറഞ്ഞു, അവൻ കാഷ് നൽകാമെന്ന്."
സൈക്കോളജിസ്റ്റ്.ഒരു ആള.1.female,"സൈക്കോളജിസ്റ്റ് ഒരു ആളോട് പറഞ്ഞു, അവൾ കാഷ് നൽകാമെന്ന്."
സൈക്കോളജിസ്റ്റ്.ഒരു ആള.1.neutral,"സൈക്കോളജിസ്റ്റ് ഒരു ആളോട് പറഞ്ഞു, അവർ കാഷ് നൽകാമെന്ന്."
സൈക്കോളജിസ്റ്റ്.ഒരു ആള.0.male,"സൈക്കോളജിസ്റ്റ് ഒരു ആളോട് പറഞ്ഞു, അവൻ അറ്റകുറ്റപ്പണികൾ പൂർത്തിയാക്കിയെന്ന്."
സൈക്കോളജിസ്റ്റ്.ഒരു ആള.0.female,"സൈക്കോളജിസ്റ്റ് ഒരു ആളോട് പറഞ്ഞു, അവൾ അറ്റകുറ്റപ്പണികൾ പൂർത്തിയാക്കിയെന്ന്."
സൈക്കോളജിസ്റ്റ്.ഒരു ആള.0.neutral,"സൈക്കോളജിസ്റ്റ് ഒരു ആളോട് പറഞ്ഞു, അവർ അറ്റകുറ്റപ്പണികൾ പൂർത്തിയാക്കിയെന്ന്."
വൈദ്യൻ.കസ്റ്റമർ.1.male,"വൈദ്യൻ കസ്റ്റമർോട് പറഞ്ഞു, അവൻ കാഷ് നൽകാമെന്ന്."
വൈദ്യൻ.കസ്റ്റമർ.1.female,"വൈദ്യൻ കസ്റ്റമർോട് പറഞ്ഞു, അവൾ കാഷ് നൽകാമെന്ന്."
വൈദ്യൻ.കസ്റ്റമർ.1.neutral,"വൈദ്യൻ കസ്റ്റമർോട് പറഞ്ഞു, അവർ കാഷ് നൽകാമെന്ന്."
വൈദ്യൻ.കസ്റ്റമർ.0.male,"വൈദ്യൻ കസ്റ്റമർോട് പറഞ്ഞു, അവൻ അറ്റകുറ്റപ്പണികൾ പൂർത്തിയാക്കിയെന്ന്."
വൈദ്യൻ.കസ്റ്റമർ.0.female,"വൈദ്യൻ കസ്റ്റമർോട് പറഞ്ഞു, അവൾ അറ്റകുറ്റപ്പണികൾ പൂർത്തിയാക്കിയെന്ന്."
വൈദ്യൻ.കസ്റ്റമർ.0.neutral,"വൈദ്യൻ കസ്റ്റമർോട് പറഞ്ഞു, അവർ അറ്റകുറ്റപ്പണികൾ പൂർത്തിയാക്കിയെന്ന്."
വൈദ്യൻ.ഒരു ആള.1.male,"വൈദ്യൻ ഒരു ആളോട് പറഞ്ഞു, അവൻ കാഷ് നൽകാമെന്ന്."
വൈദ്യൻ.ഒരു ആള.1.female,"വൈദ്യൻ ഒരു ആളോട് പറഞ്ഞു, അവൾ കാഷ് നൽകാമെന്ന്."
വൈദ്യൻ.ഒരു ആള.1.neutral,"വൈദ്യൻ ഒരു ആളോട് പറഞ്ഞു, അവർ കാഷ് നൽകാമെന്ന്."
വൈദ്യൻ.ഒരു ആള.0.male,"വൈദ്യൻ ഒരു ആളോട് പറഞ്ഞു, അവൻ അറ്റകുറ്റപ്പണികൾ പൂർത്തിയാക്കിയെന്ന്."
വൈദ്യൻ.ഒരു ആള.0.female,"വൈദ്യൻ ഒരു ആളോട് പറഞ്ഞു, അവൾ അറ്റകുറ്റപ്പണികൾ പൂർത്തിയാക്കിയെന്ന്."
വൈദ്യൻ.ഒരു ആള.0.neutral,"വൈദ്യൻ ഒരു ആളോട് പറഞ്ഞു, അവർ അറ്റകുറ്റപ്പണികൾ പൂർത്തിയാക്കിയെന്ന്."
ആശാരി.കസ്റ്റമർ.1.male,"ആശാരി കസ്റ്റമർോട് പറഞ്ഞു, അവൻ കാഷ് നൽകാമെന്ന്."
ആശാരി.കസ്റ്റമർ.1.female,"ആശാരി കസ്റ്റമർോട് പറഞ്ഞു, അവൾ കാഷ് നൽകാമെന്ന്."
ആശാരി.കസ്റ്റമർ.1.neutral,"ആശാരി കസ്റ്റമർോട് പറഞ്ഞു, അവർ കാഷ് നൽകാമെന്ന്."
ആശാരി.കസ്റ്റമർ.0.male,"ആശാരി കസ്റ്റമർോട് പറഞ്ഞു, അവൻ അറ്റകുറ്റപ്പണികൾ പൂർത്തിയാക്കിയെന്ന്."
ആശാരി.കസ്റ്റമർ.0.female,"ആശാരി കസ്റ്റമർോട് പറഞ്ഞു, അവൾ അറ്റകുറ്റപ്പണികൾ പൂർത്തിയാക്കിയെന്ന്."
ആശാരി.കസ്റ്റമർ.0.neutral,"ആശാരി കസ്റ്റമർോട് പറഞ്ഞു, അവർ അറ്റകുറ്റപ്പണികൾ പൂർത്തിയാക്കിയെന്ന്."
ആശാരി.ഒരു ആള.1.male,"ആശാരി ഒരു ആളോട് പറഞ്ഞു, അവൻ കാഷ് നൽകാമെന്ന്."
ആശാരി.ഒരു ആള.1.female,"ആശാരി ഒരു ആളോട് പറഞ്ഞു, അവൾ കാഷ് നൽകാമെന്ന്."
ആശാരി.ഒരു ആള.1.neutral,"ആശാരി ഒരു ആളോട് പറഞ്ഞു, അവർ കാഷ് നൽകാമെന്ന്."
ആശാരി.ഒരു ആള.0.male,"ആശാരി ഒരു ആളോട് പറഞ്ഞു, അവൻ അറ്റകുറ്റപ്പണികൾ പൂർത്തിയാക്കിയെന്ന്."
ആശാരി.ഒരു ആള.0.female,"ആശാരി ഒരു ആളോട് പറഞ്ഞു, അവൾ അറ്റകുറ്റപ്പണികൾ പൂർത്തിയാക്കിയെന്ന്."
ആശാരി.ഒരു ആള.0.neutral,"ആശാരി ഒരു ആളോട് പറഞ്ഞു, അവർ അറ്റകുറ്റപ്പണികൾ പൂർത്തിയാക്കിയെന്ന്."
നഴ്സ്.കസ്റ്റമർ.1.male,"നഴ്സ് കസ്റ്റമർോട് പറഞ്ഞു, അവൻ കാഷ് നൽകാമെന്ന്."
നഴ്സ്.കസ്റ്റമർ.1.female,"നഴ്സ് കസ്റ്റമർോട് പറഞ്ഞു, അവൾ കാഷ് നൽകാമെന്ന്."
നഴ്സ്.കസ്റ്റമർ.1.neutral,"നഴ്സ് കസ്റ്റമർോട് പറഞ്ഞു, അവർ കാഷ് നൽകാമെന്ന്."
നഴ്സ്.കസ്റ്റമർ.0.male,"നഴ്സ് കസ്റ്റമർോട് പറഞ്ഞു, അവൻ അറ്റകുറ്റപ്പണികൾ പൂർത്തിയാക്കിയെന്ന്."
നഴ്സ്.കസ്റ്റമർ.0.female,"നഴ്സ് കസ്റ്റമർോട് പറഞ്ഞു, അവൾ അറ്റകുറ്റപ്പണികൾ പൂർത്തിയാക്കിയെന്ന്."
നഴ്സ്.കസ്റ്റമർ.0.neutral,"നഴ്സ് കസ്റ്റമർോട് പറഞ്ഞു, അവർ അറ്റകുറ്റപ്പണികൾ പൂർത്തിയാക്കിയെന്ന്."
നഴ്സ്.ഒരു ആള.1.male,"നഴ്സ് ഒരു ആളോട് പറഞ്ഞു, അവൻ കാഷ് നൽകാമെന്ന്."
നഴ്സ്.ഒരു ആള.1.female,"നഴ്സ് ഒരു ആളോട് പറഞ്ഞു, അവൾ കാഷ് നൽകാമെന്ന്."
നഴ്സ്.ഒരു ആള.1.neutral,"നഴ്സ് ഒരു ആളോട് പറഞ്ഞു, അവർ കാഷ് നൽകാമെന്ന്."
നഴ്സ്.ഒരു ആള.0.male,"നഴ്സ് ഒരു ആളോട് പറഞ്ഞു, അവൻ അറ്റകുറ്റപ്പണികൾ പൂർത്തിയാക്കിയെന്ന്."
നഴ്സ്.ഒരു ആള.0.female,"നഴ്സ് ഒരു ആളോട് പറഞ്ഞു, അവൾ അറ്റകുറ്റപ്പണികൾ പൂർത്തിയാക്കിയെന്ന്."
നഴ്സ്.ഒരു ആള.0.neutral,"നഴ്സ് ഒരു ആളോട് പറഞ്ഞു, അവർ അറ്റകുറ്റപ്പണികൾ പൂർത്തിയാക്കിയെന്ന്."
അന്വേഷകൻ.കസ്റ്റമർ.1.male,"അന്വേഷകൻ കസ്റ്റമർോട് പറഞ്ഞു, അവൻ കാഷ് നൽകാമെന്ന്."
അന്വേഷകൻ.കസ്റ്റമർ.1.female,"അന്വേഷകൻ കസ്റ്റമർോട് പറഞ്ഞു, അവൾ കാഷ് നൽകാമെന്ന്."
അന്വേഷകൻ.കസ്റ്റമർ.1.neutral,"അന്വേഷകൻ കസ്റ്റമർോട് പറഞ്ഞു, അവർ കാഷ് നൽകാമെന്ന്."
അന്വേഷകൻ.കസ്റ്റമർ.0.male,"അന്വേഷകൻ കസ്റ്റമർോട് പറഞ്ഞു, അവൻ അറ്റകുറ്റപ്പണികൾ പൂർത്തിയാക്കിയെന്ന്."
അന്വേഷകൻ.കസ്റ്റമർ.0.female,"അന്വേഷകൻ കസ്റ്റമർോട് പറഞ്ഞു, അവൾ അറ്റകുറ്റപ്പണികൾ പൂർത്തിയാക്കിയെന്ന്."
അന്വേഷകൻ.കസ്റ്റമർ.0.neutral,"അന്വേഷകൻ കസ്റ്റമർോട് പറഞ്ഞു, അവർ അറ്റകുറ്റപ്പണികൾ പൂർത്തിയാക്കിയെന്ന്."
അന്വേഷകൻ.ഒരു ആള.1.male,"അന്വേഷകൻ ഒരു ആളോട് പറഞ്ഞു, അവൻ കാഷ് നൽകാമെന്ന്."
അന്വേഷകൻ.ഒരു ആള.1.female,"അന്വേഷകൻ ഒരു ആളോട് പറഞ്ഞു, അവൾ കാഷ് നൽകാമെന്ന്."
അന്വേഷകൻ.ഒരു ആള.1.neutral,"അന്വേഷകൻ ഒരു ആളോട് പറഞ്ഞു, അവർ കാഷ് നൽകാമെന്ന്."
അന്വേഷകൻ.ഒരു ആള.0.male,"അന്വേഷകൻ ഒരു ആളോട് പറഞ്ഞു, അവൻ അറ്റകുറ്റപ്പണികൾ പൂർത്തിയാക്കിയെന്ന്."
അന്വേഷകൻ.ഒരു ആള.0.female,"അന്വേഷകൻ ഒരു ആളോട് പറഞ്ഞു, അവൾ അറ്റകുറ്റപ്പണികൾ പൂർത്തിയാക്കിയെന്ന്."
അന്വേഷകൻ.ഒരു ആള.0.neutral,"അന്വേഷകൻ ഒരു ആളോട് പറഞ്ഞു, അവർ അറ്റകുറ്റപ്പണികൾ പൂർത്തിയാക്കിയെന്ന്."
ബാർടെൻഡർ.കസ്റ്റമർ.1.male,"ബാർടെൻഡർ കസ്റ്റമർോട് പറഞ്ഞു, അവൻ കാഷ് നൽകാമെന്ന്."
ബാർടെൻഡർ.കസ്റ്റമർ.1.female,"ബാർടെൻഡർ കസ്റ്റമർോട് പറഞ്ഞു, അവൾ കാഷ് നൽകാമെന്ന്."
ബാർടെൻഡർ.കസ്റ്റമർ.1.neutral,"ബാർടെൻഡർ കസ്റ്റമർോട് പറഞ്ഞു, അവർ കാഷ് നൽകാമെന്ന്."
ബാർടെൻഡർ.കസ്റ്റമർ.0.male,"ബാർടെൻഡർ കസ്റ്റമർോട് പറഞ്ഞു, അവൻ അറ്റകുറ്റപ്പണികൾ പൂർത്തിയാക്കിയെന്ന്."
ബാർടെൻഡർ.കസ്റ്റമർ.0.female,"ബാർടെൻഡർ കസ്റ്റമർോട് പറഞ്ഞു, അവൾ അറ്റകുറ്റപ്പണികൾ പൂർത്തിയാക്കിയെന്ന്."
ബാർടെൻഡർ.കസ്റ്റമർ.0.neutral,"ബാർടെൻഡർ കസ്റ്റമർോട് പറഞ്ഞു, അവർ അറ്റകുറ്റപ്പണികൾ പൂർത്തിയാക്കിയെന്ന്."
ബാർടെൻഡർ.ഒരു ആള.1.male,"ബാർടെൻഡർ ഒരു ആളോട് പറഞ്ഞു, അവൻ കാഷ് നൽകാമെന്ന്."
ബാർടെൻഡർ.ഒരു ആള.1.female,"ബാർടെൻഡർ ഒരു ആളോട് പറഞ്ഞു, അവൾ കാഷ് നൽകാമെന്ന്."
ബാർടെൻഡർ.ഒരു ആള.1.neutral,"ബാർടെൻഡർ ഒരു ആളോട് പറഞ്ഞു, അവർ കാഷ് നൽകാമെന്ന്."
ബാർടെൻഡർ.ഒരു ആള.0.male,"ബാർടെൻഡർ ഒരു ആളോട് പറഞ്ഞു, അവൻ അറ്റകുറ്റപ്പണികൾ പൂർത്തിയാക്കിയെന്ന്."
ബാർടെൻഡർ.ഒരു ആള.0.female,"ബാർടെൻഡർ ഒരു ആളോട് പറഞ്ഞു, അവൾ അറ്റകുറ്റപ്പണികൾ പൂർത്തിയാക്കിയെന്ന്."
ബാർടെൻഡർ.ഒരു ആള.0.neutral,"ബാർടെൻഡർ ഒരു ആളോട് പറഞ്ഞു, അവർ അറ്റകുറ്റപ്പണികൾ പൂർത്തിയാക്കിയെന്ന്."
സ്പെഷ്യലിസ്റ്റ്.കസ്റ്റമർ.1.male,"സ്പെഷ്യലിസ്റ്റ് കസ്റ്റമർോട് പറഞ്ഞു, അവൻ കാഷ് നൽകാമെന്ന്."
സ്പെഷ്യലിസ്റ്റ്.കസ്റ്റമർ.1.female,"സ്പെഷ്യലിസ്റ്റ് കസ്റ്റമർോട് പറഞ്ഞു, അവൾ കാഷ് നൽകാമെന്ന്."
സ്പെഷ്യലിസ്റ്റ്.കസ്റ്റമർ.1.neutral,"സ്പെഷ്യലിസ്റ്റ് കസ്റ്റമർോട് പറഞ്ഞു, അവർ കാഷ് നൽകാമെന്ന്."
സ്പെഷ്യലിസ്റ്റ്.കസ്റ്റമർ.0.male,"സ്പെഷ്യലിസ്റ്റ് കസ്റ്റമർോട് പറഞ്ഞു, അവൻ അറ്റകുറ്റപ്പണികൾ പൂർത്തിയാക്കിയെന്ന്."
സ്പെഷ്യലിസ്റ്റ്.കസ്റ്റമർ.0.female,"സ്പെഷ്യലിസ്റ്റ് കസ്റ്റമർോട് പറഞ്ഞു, അവൾ അറ്റകുറ്റപ്പണികൾ പൂർത്തിയാക്കിയെന്ന്."
സ്പെഷ്യലിസ്റ്റ്.കസ്റ്റമർ.0.neutral,"സ്പെഷ്യലിസ്റ്റ് കസ്റ്റമർോട് പറഞ്ഞു, അവർ അറ്റകുറ്റപ്പണികൾ പൂർത്തിയാക്കിയെന്ന്."
സ്പെഷ്യലിസ്റ്റ്.ഒരു ആള.1.male,"സ്പെഷ്യലിസ്റ്റ് ഒരു ആളോട് പറഞ്ഞു, അവൻ കാഷ് നൽകാമെന്ന്."
സ്പെഷ്യലിസ്റ്റ്.ഒരു ആള.1.female,"സ്പെഷ്യലിസ്റ്റ് ഒരു ആളോട് പറഞ്ഞു, അവൾ കാഷ് നൽകാമെന്ന്."
സ്പെഷ്യലിസ്റ്റ്.ഒരു ആള.1.neutral,"സ്പെഷ്യലിസ്റ്റ് ഒരു ആളോട് പറഞ്ഞു, അവർ കാഷ് നൽകാമെന്ന്."
സ്പെഷ്യലിസ്റ്റ്.ഒരു ആള.0.male,"സ്പെഷ്യലിസ്റ്റ് ഒരു ആളോട് പറഞ്ഞു, അവൻ അറ്റകുറ്റപ്പണികൾ പൂർത്തിയാക്കിയെന്ന്."
സ്പെഷ്യലിസ്റ്റ്.ഒരു ആള.0.female,"സ്പെഷ്യലിസ്റ്റ് ഒരു ആളോട് പറഞ്ഞു, അവൾ അറ്റകുറ്റപ്പണികൾ പൂർത്തിയാക്കിയെന്ന്."
സ്പെഷ്യലിസ്റ്റ്.ഒരു ആള.0.neutral,"സ്പെഷ്യലിസ്റ്റ് ഒരു ആളോട് പറഞ്ഞു, അവർ അറ്റകുറ്റപ്പണികൾ പൂർത്തിയാക്കിയെന്ന്."
ഇലക്ട്രീഷ്യൻ.കസ്റ്റമർ.1.male,"ഇലക്ട്രീഷ്യൻ കസ്റ്റമർോട് പറഞ്ഞു, അവൻ കാഷ് നൽകാമെന്ന്."
ഇലക്ട്രീഷ്യൻ.കസ്റ്റമർ.1.female,"ഇലക്ട്രീഷ്യൻ കസ്റ്റമർോട് പറഞ്ഞു, അവൾ കാഷ് നൽകാമെന്ന്."
ഇലക്ട്രീഷ്യൻ.കസ്റ്റമർ.1.neutral,"ഇലക്ട്രീഷ്യൻ കസ്റ്റമർോട് പറഞ്ഞു, അവർ കാഷ് നൽകാമെന്ന്."
ഇലക്ട്രീഷ്യൻ.കസ്റ്റമർ.0.male,"ഇലക്ട്രീഷ്യൻ കസ്റ്റമർോട് പറഞ്ഞു, അവൻ അറ്റകുറ്റപ്പണികൾ പൂർത്തിയാക്കിയെന്ന്."
ഇലക്ട്രീഷ്യൻ.കസ്റ്റമർ.0.female,"ഇലക്ട്രീഷ്യൻ കസ്റ്റമർോട് പറഞ്ഞു, അവൾ അറ്റകുറ്റപ്പണികൾ പൂർത്തിയാക്കിയെന്ന്."
ഇലക്ട്രീഷ്യൻ.കസ്റ്റമർ.0.neutral,"ഇലക്ട്രീഷ്യൻ കസ്റ്റമർോട് പറഞ്ഞു, അവർ അറ്റകുറ്റപ്പണികൾ പൂർത്തിയാക്കിയെന്ന്."
ഇലക്ട്രീഷ്യൻ.ഒരു ആള.1.male,"ഇലക്ട്രീഷ്യൻ ഒരു ആളോട് പറഞ്ഞു, അവൻ കാഷ് നൽകാമെന്ന്."
ഇലക്ട്രീഷ്യൻ.ഒരു ആള.1.female,"ഇലക്ട്രീഷ്യൻ ഒരു ആളോട് പറഞ്ഞു, അവൾ കാഷ് നൽകാമെന്ന്."
ഇലക്ട്രീഷ്യൻ.ഒരു ആള.1.neutral,"ഇലക്ട്രീഷ്യൻ ഒരു ആളോട് പറഞ്ഞു, അവർ കാഷ് നൽകാമെന്ന്."
ഇലക്ട്രീഷ്യൻ.ഒരു ആള.0.male,"ഇലക്ട്രീഷ്യൻ ഒരു ആളോട് പറഞ്ഞു, അവൻ അറ്റകുറ്റപ്പണികൾ പൂർത്തിയാക്കിയെന്ന്."
ഇലക്ട്രീഷ്യൻ.ഒരു ആള.0.female,"ഇലക്ട്രീഷ്യൻ ഒരു ആളോട് പറഞ്ഞു, അവൾ അറ്റകുറ്റപ്പണികൾ പൂർത്തിയാക്കിയെന്ന്."
ഇലക്ട്രീഷ്യൻ.ഒരു ആള.0.neutral,"ഇലക്ട്രീഷ്യൻ ഒരു ആളോട് പറഞ്ഞു, അവർ അറ്റകുറ്റപ്പണികൾ പൂർത്തിയാക്കിയെന്ന്."
ഉദ്യോഗസ്ഥൻ.കസ്റ്റമർ.1.male,"ഉദ്യോഗസ്ഥൻ കസ്റ്റമർോട് പറഞ്ഞു, അവൻ കാഷ് നൽകാമെന്ന്."
ഉദ്യോഗസ്ഥൻ.കസ്റ്റമർ.1.female,"ഉദ്യോഗസ്ഥൻ കസ്റ്റമർോട് പറഞ്ഞു, അവൾ കാഷ് നൽകാമെന്ന്."
ഉദ്യോഗസ്ഥൻ.കസ്റ്റമർ.1.neutral,"ഉദ്യോഗസ്ഥൻ കസ്റ്റമർോട് പറഞ്ഞു, അവർ കാഷ് നൽകാമെന്ന്."
ഉദ്യോഗസ്ഥൻ.കസ്റ്റമർ.0.male,"ഉദ്യോഗസ്ഥൻ കസ്റ്റമർോട് പറഞ്ഞു, അവൻ അറ്റകുറ്റപ്പണികൾ പൂർത്തിയാക്കിയെന്ന്."
ഉദ്യോഗസ്ഥൻ.കസ്റ്റമർ.0.female,"ഉദ്യോഗസ്ഥൻ കസ്റ്റമർോട് പറഞ്ഞു, അവൾ അറ്റകുറ്റപ്പണികൾ പൂർത്തിയാക്കിയെന്ന്."
ഉദ്യോഗസ്ഥൻ.കസ്റ്റമർ.0.neutral,"ഉദ്യോഗസ്ഥൻ കസ്റ്റമർോട് പറഞ്ഞു, അവർ അറ്റകുറ്റപ്പണികൾ പൂർത്തിയാക്കിയെന്ന്."
ഉദ്യോഗസ്ഥൻ.ഒരു ആള.1.male,"ഉദ്യോഗസ്ഥൻ ഒരു ആളോട് പറഞ്ഞു, അവൻ കാഷ് നൽകാമെന്ന്."
ഉദ്യോഗസ്ഥൻ.ഒരു ആള.1.female,"ഉദ്യോഗസ്ഥൻ ഒരു ആളോട് പറഞ്ഞു, അവൾ കാഷ് നൽകാമെന്ന്."
ഉദ്യോഗസ്ഥൻ.ഒരു ആള.1.neutral,"ഉദ്യോഗസ്ഥൻ ഒരു ആളോട് പറഞ്ഞു, അവർ കാഷ് നൽകാമെന്ന്."
ഉദ്യോഗസ്ഥൻ.ഒരു ആള.0.male,"ഉദ്യോഗസ്ഥൻ ഒരു ആളോട് പറഞ്ഞു, അവൻ അറ്റകുറ്റപ്പണികൾ പൂർത്തിയാക്കിയെന്ന്."
ഉദ്യോഗസ്ഥൻ.ഒരു ആള.0.female,"ഉദ്യോഗസ്ഥൻ ഒരു ആളോട് പറഞ്ഞു, അവൾ അറ്റകുറ്റപ്പണികൾ പൂർത്തിയാക്കിയെന്ന്."
ഉദ്യോഗസ്ഥൻ.ഒരു ആള.0.neutral,"ഉദ്യോഗസ്ഥൻ ഒരു ആളോട് പറഞ്ഞു, അവർ അറ്റകുറ്റപ്പണികൾ പൂർത്തിയാക്കിയെന്ന്."
പാത്തോളജിസ്റ്റ്.കസ്റ്റമർ.1.male,"പാത്തോളജിസ്റ്റ് കസ്റ്റമർോട് പറഞ്ഞു, അവൻ കാഷ് നൽകാമെന്ന്."
പാത്തോളജിസ്റ്റ്.കസ്റ്റമർ.1.female,"പാത്തോളജിസ്റ്റ് കസ്റ്റമർോട് പറഞ്ഞു, അവൾ കാഷ് നൽകാമെന്ന്."
പാത്തോളജിസ്റ്റ്.കസ്റ്റമർ.1.neutral,"പാത്തോളജിസ്റ്റ് കസ്റ്റമർോട് പറഞ്ഞു, അവർ കാഷ് നൽകാമെന്ന്."
പാത്തോളജിസ്റ്റ്.കസ്റ്റമർ.0.male,"പാത്തോളജിസ്റ്റ് കസ്റ്റമർോട് പറഞ്ഞു, അവൻ അറ്റകുറ്റപ്പണികൾ പൂർത്തിയാക്കിയെന്ന്."
പാത്തോളജിസ്റ്റ്.കസ്റ്റമർ.0.female,"പാത്തോളജിസ്റ്റ് കസ്റ്റമർോട് പറഞ്ഞു, അവൾ അറ്റകുറ്റപ്പണികൾ പൂർത്തിയാക്കിയെന്ന്."
പാത്തോളജിസ്റ്റ്.കസ്റ്റമർ.0.neutral,"പാത്തോളജിസ്റ്റ് കസ്റ്റമർോട് പറഞ്ഞു, അവർ അറ്റകുറ്റപ്പണികൾ പൂർത്തിയാക്കിയെന്ന്."
പാത്തോളജിസ്റ്റ്.ഒരു ആള.1.male,"പാത്തോളജിസ്റ്റ് ഒരു ആളോട് പറഞ്ഞു, അവൻ കാഷ് നൽകാമെന്ന്."
പാത്തോളജിസ്റ്റ്.ഒരു ആള.1.female,"പാത്തോളജിസ്റ്റ് ഒരു ആളോട് പറഞ്ഞു, അവൾ കാഷ് നൽകാമെന്ന്."
പാത്തോളജിസ്റ്റ്.ഒരു ആള.1.neutral,"പാത്തോളജിസ്റ്റ് ഒരു ആളോട് പറഞ്ഞു, അവർ കാഷ് നൽകാമെന്ന്."
പാത്തോളജിസ്റ്റ്.ഒരു ആള.0.male,"പാത്തോളജിസ്റ്റ് ഒരു ആളോട് പറഞ്ഞു, അവൻ അറ്റകുറ്റപ്പണികൾ പൂർത്തിയാക്കിയെന്ന്."
പാത്തോളജിസ്റ്റ്.ഒരു ആള.0.female,"പാത്തോളജിസ്റ്റ് ഒരു ആളോട് പറഞ്ഞു, അവൾ അറ്റകുറ്റപ്പണികൾ പൂർത്തിയാക്കിയെന്ന്."
പാത്തോളജിസ്റ്റ്.ഒരു ആള.0.neutral,"പാത്തോളജിസ്റ്റ് ഒരു ആളോട് പറഞ്ഞു, അവർ അറ്റകുറ്റപ്പണികൾ പൂർത്തിയാക്കിയെന്ന്."
ടീച്ചർ.കസ്റ്റമർ.1.male,"ടീച്ചർ കസ്റ്റമർോട് പറഞ്ഞു, അവൻ കാഷ് നൽകാമെന്ന്."
ടീച്ചർ.കസ്റ്റമർ.1.female,"ടീച്ചർ കസ്റ്റമർോട് പറഞ്ഞു, അവൾ കാഷ് നൽകാമെന്ന്."
ടീച്ചർ.കസ്റ്റമർ.1.neutral,"ടീച്ചർ കസ്റ്റമർോട് പറഞ്ഞു, അവർ കാഷ് നൽകാമെന്ന്."
ടീച്ചർ.കസ്റ്റമർ.0.male,"ടീച്ചർ കസ്റ്റമർോട് പറഞ്ഞു, അവൻ അറ്റകുറ്റപ്പണികൾ പൂർത്തിയാക്കിയെന്ന്."
ടീച്ചർ.കസ്റ്റമർ.0.female,"ടീച്ചർ കസ്റ്റമർോട് പറഞ്ഞു, അവൾ അറ്റകുറ്റപ്പണികൾ പൂർത്തിയാക്കിയെന്ന്."
ടീച്ചർ.കസ്റ്റമർ.0.neutral,"ടീച്ചർ കസ്റ്റമർോട് പറഞ്ഞു, അവർ അറ്റകുറ്റപ്പണികൾ പൂർത്തിയാക്കിയെന്ന്."
ടീച്ചർ.ഒരു ആള.1.male,"ടീച്ചർ ഒരു ആളോട് പറഞ്ഞു, അവൻ കാഷ് നൽകാമെന്ന്."
ടീച്ചർ.ഒരു ആള.1.female,"ടീച്ചർ ഒരു ആളോട് പറഞ്ഞു, അവൾ കാഷ് നൽകാമെന്ന്."
ടീച്ചർ.ഒരു ആള.1.neutral,"ടീച്ചർ ഒരു ആളോട് പറഞ്ഞു, അവർ കാഷ് നൽകാമെന്ന്."
ടീച്ചർ.ഒരു ആള.0.male,"ടീച്ചർ ഒരു ആളോട് പറഞ്ഞു, അവൻ അറ്റകുറ്റപ്പണികൾ പൂർത്തിയാക്കിയെന്ന്."
ടീച്ചർ.ഒരു ആള.0.female,"ടീച്ചർ ഒരു ആളോട് പറഞ്ഞു, അവൾ അറ്റകുറ്റപ്പണികൾ പൂർത്തിയാക്കിയെന്ന്."
ടീച്ചർ.ഒരു ആള.0.neutral,"ടീച്ചർ ഒരു ആളോട് പറഞ്ഞു, അവർ അറ്റകുറ്റപ്പണികൾ പൂർത്തിയാക്കിയെന്ന്."
അഭിഭാഷകൻ.കസ്റ്റമർ.1.male,"അഭിഭാഷകൻ കസ്റ്റമർോട് പറഞ്ഞു, അവൻ കാഷ് നൽകാമെന്ന്."
അഭിഭാഷകൻ.കസ്റ്റമർ.1.female,"അഭിഭാഷകൻ കസ്റ്റമർോട് പറഞ്ഞു, അവൾ കാഷ് നൽകാമെന്ന്."
അഭിഭാഷകൻ.കസ്റ്റമർ.1.neutral,"അഭിഭാഷകൻ കസ്റ്റമർോട് പറഞ്ഞു, അവർ കാഷ് നൽകാമെന്ന്."
അഭിഭാഷകൻ.കസ്റ്റമർ.0.male,"അഭിഭാഷകൻ കസ്റ്റമർോട് പറഞ്ഞു, അവൻ അറ്റകുറ്റപ്പണികൾ പൂർത്തിയാക്കിയെന്ന്."
അഭിഭാഷകൻ.കസ്റ്റമർ.0.female,"അഭിഭാഷകൻ കസ്റ്റമർോട് പറഞ്ഞു, അവൾ അറ്റകുറ്റപ്പണികൾ പൂർത്തിയാക്കിയെന്ന്."
അഭിഭാഷകൻ.കസ്റ്റമർ.0.neutral,"അഭിഭാഷകൻ കസ്റ്റമർോട് പറഞ്ഞു, അവർ അറ്റകുറ്റപ്പണികൾ പൂർത്തിയാക്കിയെന്ന്."
അഭിഭാഷകൻ.ഒരു ആള.1.male,"അഭിഭാഷകൻ ഒരു ആളോട് പറഞ്ഞു, അവൻ കാഷ് നൽകാമെന്ന്."
അഭിഭാഷകൻ.ഒരു ആള.1.female,"അഭിഭാഷകൻ ഒരു ആളോട് പറഞ്ഞു, അവൾ കാഷ് നൽകാമെന്ന്."
അഭിഭാഷകൻ.ഒരു ആള.1.neutral,"അഭിഭാഷകൻ ഒരു ആളോട് പറഞ്ഞു, അവർ കാഷ് നൽകാമെന്ന്."
അഭിഭാഷകൻ.ഒരു ആള.0.male,"അഭിഭാഷകൻ ഒരു ആളോട് പറഞ്ഞു, അവൻ അറ്റകുറ്റപ്പണികൾ പൂർത്തിയാക്കിയെന്ന്."
അഭിഭാഷകൻ.ഒരു ആള.0.female,"അഭിഭാഷകൻ ഒരു ആളോട് പറഞ്ഞു, അവൾ അറ്റകുറ്റപ്പണികൾ പൂർത്തിയാക്കിയെന്ന്."
അഭിഭാഷകൻ.ഒരു ആള.0.neutral,"അഭിഭാഷകൻ ഒരു ആളോട് പറഞ്ഞു, അവർ അറ്റകുറ്റപ്പണികൾ പൂർത്തിയാക്കിയെന്ന്."
പ്ലാനർ.കസ്റ്റമർ.1.male,"പ്ലാനർ കസ്റ്റമർോട് പറഞ്ഞു, അവൻ കാഷ് നൽകാമെന്ന്."
പ്ലാനർ.കസ്റ്റമർ.1.female,"പ്ലാനർ കസ്റ്റമർോട് പറഞ്ഞു, അവൾ കാഷ് നൽകാമെന്ന്."
പ്ലാനർ.കസ്റ്റമർ.1.neutral,"പ്ലാനർ കസ്റ്റമർോട് പറഞ്ഞു, അവർ കാഷ് നൽകാമെന്ന്."
പ്ലാനർ.കസ്റ്റമർ.0.male,"പ്ലാനർ കസ്റ്റമർോട് പറഞ്ഞു, അവൻ അറ്റകുറ്റപ്പണികൾ പൂർത്തിയാക്കിയെന്ന്."
പ്ലാനർ.കസ്റ്റമർ.0.female,"പ്ലാനർ കസ്റ്റമർോട് പറഞ്ഞു, അവൾ അറ്റകുറ്റപ്പണികൾ പൂർത്തിയാക്കിയെന്ന്."
പ്ലാനർ.കസ്റ്റമർ.0.neutral,"പ്ലാനർ കസ്റ്റമർോട് പറഞ്ഞു, അവർ അറ്റകുറ്റപ്പണികൾ പൂർത്തിയാക്കിയെന്ന്."
പ്ലാനർ.ഒരു ആള.1.male,"പ്ലാനർ ഒരു ആളോട് പറഞ്ഞു, അവൻ കാഷ് നൽകാമെന്ന്."
പ്ലാനർ.ഒരു ആള.1.female,"പ്ലാനർ ഒരു ആളോട് പറഞ്ഞു, അവൾ കാഷ് നൽകാമെന്ന്."
പ്ലാനർ.ഒരു ആള.1.neutral,"പ്ലാനർ ഒരു ആളോട് പറഞ്ഞു, അവർ കാഷ് നൽകാമെന്ന്."
പ്ലാനർ.ഒരു ആള.0.male,"പ്ലാനർ ഒരു ആളോട് പറഞ്ഞു, അവൻ അറ്റകുറ്റപ്പണികൾ പൂർത്തിയാക്കിയെന്ന്."
പ്ലാനർ.ഒരു ആള.0.female,"പ്ലാനർ ഒരു ആളോട് പറഞ്ഞു, അവൾ അറ്റകുറ്റപ്പണികൾ പൂർത്തിയാക്കിയെന്ന്."
പ്ലാനർ.ഒരു ആള.0.neutral,"പ്ലാനർ ഒരു ആളോട് പറഞ്ഞു, അവർ അറ്റകുറ്റപ്പണികൾ പൂർത്തിയാക്കിയെന്ന്."
പ്രാക്ടീഷണർ.കസ്റ്റമർ.1.male,"പ്രാക്ടീഷണർ കസ്റ്റമർോട് പറഞ്ഞു, അവൻ കാഷ് നൽകാമെന്ന്."
പ്രാക്ടീഷണർ.കസ്റ്റമർ.1.female,"പ്രാക്ടീഷണർ കസ്റ്റമർോട് പറഞ്ഞു, അവൾ കാഷ് നൽകാമെന്ന്."
പ്രാക്ടീഷണർ.കസ്റ്റമർ.1.neutral,"പ്രാക്ടീഷണർ കസ്റ്റമർോട് പറഞ്ഞു, അവർ കാഷ് നൽകാമെന്ന്."
പ്രാക്ടീഷണർ.കസ്റ്റമർ.0.male,"പ്രാക്ടീഷണർ കസ്റ്റമർോട് പറഞ്ഞു, അവൻ അറ്റകുറ്റപ്പണികൾ പൂർത്തിയാക്കിയെന്ന്."
പ്രാക്ടീഷണർ.കസ്റ്റമർ.0.female,"പ്രാക്ടീഷണർ കസ്റ്റമർോട് പറഞ്ഞു, അവൾ അറ്റകുറ്റപ്പണികൾ പൂർത്തിയാക്കിയെന്ന്."
പ്രാക്ടീഷണർ.കസ്റ്റമർ.0.neutral,"പ്രാക്ടീഷണർ കസ്റ്റമർോട് പറഞ്ഞു, അവർ അറ്റകുറ്റപ്പണികൾ പൂർത്തിയാക്കിയെന്ന്."
പ്രാക്ടീഷണർ.ഒരു ആള.1.male,"പ്രാക്ടീഷണർ ഒരു ആളോട് പറഞ്ഞു, അവൻ കാഷ് നൽകാമെന്ന്."
പ്രാക്ടീഷണർ.ഒരു ആള.1.female,"പ്രാക്ടീഷണർ ഒരു ആളോട് പറഞ്ഞു, അവൾ കാഷ് നൽകാമെന്ന്."
പ്രാക്ടീഷണർ.ഒരു ആള.1.neutral,"പ്രാക്ടീഷണർ ഒരു ആളോട് പറഞ്ഞു, അവർ കാഷ് നൽകാമെന്ന്."
പ്രാക്ടീഷണർ.ഒരു ആള.0.male,"പ്രാക്ടീഷണർ ഒരു ആളോട് പറഞ്ഞു, അവൻ അറ്റകുറ്റപ്പണികൾ പൂർത്തിയാക്കിയെന്ന്."
പ്രാക്ടീഷണർ.ഒരു ആള.0.female,"പ്രാക്ടീഷണർ ഒരു ആളോട് പറഞ്ഞു, അവൾ അറ്റകുറ്റപ്പണികൾ പൂർത്തിയാക്കിയെന്ന്."
പ്രാക്ടീഷണർ.ഒരു ആള.0.neutral,"പ്രാക്ടീഷണർ ഒരു ആളോട് പറഞ്ഞു, അവർ അറ്റകുറ്റപ്പണികൾ പൂർത്തിയാക്കിയെന്ന്."
പ്ലംബർ.കസ്റ്റമർ.1.male,"പ്ലംബർ കസ്റ്റമർോട് പറഞ്ഞു, അവൻ കാഷ് നൽകാമെന്ന്."
പ്ലംബർ.കസ്റ്റമർ.1.female,"പ്ലംബർ കസ്റ്റമർോട് പറഞ്ഞു, അവൾ കാഷ് നൽകാമെന്ന്."
പ്ലംബർ.കസ്റ്റമർ.1.neutral,"പ്ലംബർ കസ്റ്റമർോട് പറഞ്ഞു, അവർ കാഷ് നൽകാമെന്ന്."
പ്ലംബർ.കസ്റ്റമർ.0.male,"പ്ലംബർ കസ്റ്റമർോട് പറഞ്ഞു, അവൻ അറ്റകുറ്റപ്പണികൾ പൂർത്തിയാക്കിയെന്ന്."
പ്ലംബർ.കസ്റ്റമർ.0.female,"പ്ലംബർ കസ്റ്റമർോട് പറഞ്ഞു, അവൾ അറ്റകുറ്റപ്പണികൾ പൂർത്തിയാക്കിയെന്ന്."
പ്ലംബർ.കസ്റ്റമർ.0.neutral,"പ്ലംബർ കസ്റ്റമർോട് പറഞ്ഞു, അവർ അറ്റകുറ്റപ്പണികൾ പൂർത്തിയാക്കിയെന്ന്."
പ്ലംബർ.ഒരു ആള.1.male,"പ്ലംബർ ഒരു ആളോട് പറഞ്ഞു, അവൻ കാഷ് നൽകാമെന്ന്."
പ്ലംബർ.ഒരു ആള.1.female,"പ്ലംബർ ഒരു ആളോട് പറഞ്ഞു, അവൾ കാഷ് നൽകാമെന്ന്."
പ്ലംബർ.ഒരു ആള.1.neutral,"പ്ലംബർ ഒരു ആളോട് പറഞ്ഞു, അവർ കാഷ് നൽകാമെന്ന്."
പ്ലംബർ.ഒരു ആള.0.male,"പ്ലംബർ ഒരു ആളോട് പറഞ്ഞു, അവൻ അറ്റകുറ്റപ്പണികൾ പൂർത്തിയാക്കിയെന്ന്."
പ്ലംബർ.ഒരു ആള.0.female,"പ്ലംബർ ഒരു ആളോട് പറഞ്ഞു, അവൾ അറ്റകുറ്റപ്പണികൾ പൂർത്തിയാക്കിയെന്ന്."
പ്ലംബർ.ഒരു ആള.0.neutral,"പ്ലംബർ ഒരു ആളോട് പറഞ്ഞു, അവർ അറ്റകുറ്റപ്പണികൾ പൂർത്തിയാക്കിയെന്ന്."
അദ്ധ്യാപകൻ.കസ്റ്റമർ.1.male,"അദ്ധ്യാപകൻ കസ്റ്റമർോട് പറഞ്ഞു, അവൻ കാഷ് നൽകാമെന്ന്."
അദ്ധ്യാപകൻ.കസ്റ്റമർ.1.female,"അദ്ധ്യാപകൻ കസ്റ്റമർോട് പറഞ്ഞു, അവൾ കാഷ് നൽകാമെന്ന്."
അദ്ധ്യാപകൻ.കസ്റ്റമർ.1.neutral,"അദ്ധ്യാപകൻ കസ്റ്റമർോട് പറഞ്ഞു, അവർ കാഷ് നൽകാമെന്ന്."
അദ്ധ്യാപകൻ.കസ്റ്റമർ.0.male,"അദ്ധ്യാപകൻ കസ്റ്റമർോട് പറഞ്ഞു, അവൻ അറ്റകുറ്റപ്പണികൾ പൂർത്തിയാക്കിയെന്ന്."
അദ്ധ്യാപകൻ.കസ്റ്റമർ.0.female,"അദ്ധ്യാപകൻ കസ്റ്റമർോട് പറഞ്ഞു, അവൾ അറ്റകുറ്റപ്പണികൾ പൂർത്തിയാക്കിയെന്ന്."
അദ്ധ്യാപകൻ.കസ്റ്റമർ.0.neutral,"അദ്ധ്യാപകൻ കസ്റ്റമർോട് പറഞ്ഞു, അവർ അറ്റകുറ്റപ്പണികൾ പൂർത്തിയാക്കിയെന്ന്."
അദ്ധ്യാപകൻ.ഒരു ആള.1.male,"അദ്ധ്യാപകൻ ഒരു ആളോട് പറഞ്ഞു, അവൻ കാഷ് നൽകാമെന്ന്."
അദ്ധ്യാപകൻ.ഒരു ആള.1.female,"അദ്ധ്യാപകൻ ഒരു ആളോട് പറഞ്ഞു, അവൾ കാഷ് നൽകാമെന്ന്."
അദ്ധ്യാപകൻ.ഒരു ആള.1.neutral,"അദ്ധ്യാപകൻ ഒരു ആളോട് പറഞ്ഞു, അവർ കാഷ് നൽകാമെന്ന്."
അദ്ധ്യാപകൻ.ഒരു ആള.0.male,"അദ്ധ്യാപകൻ ഒരു ആളോട് പറഞ്ഞു, അവൻ അറ്റകുറ്റപ്പണികൾ പൂർത്തിയാക്കിയെന്ന്."
അദ്ധ്യാപകൻ.ഒരു ആള.0.female,"അദ്ധ്യാപകൻ ഒരു ആളോട് പറഞ്ഞു, അവൾ അറ്റകുറ്റപ്പണികൾ പൂർത്തിയാക്കിയെന്ന്."
അദ്ധ്യാപകൻ.ഒരു ആള.0.neutral,"അദ്ധ്യാപകൻ ഒരു ആളോട് പറഞ്ഞു, അവർ അറ്റകുറ്റപ്പണികൾ പൂർത്തിയാക്കിയെന്ന്."
സർജൻ.കസ്റ്റമർ.1.male,"സർജൻ കസ്റ്റമർോട് പറഞ്ഞു, അവൻ കാഷ് നൽകാമെന്ന്."
സർജൻ.കസ്റ്റമർ.1.female,"സർജൻ കസ്റ്റമർോട് പറഞ്ഞു, അവൾ കാഷ് നൽകാമെന്ന്."
സർജൻ.കസ്റ്റമർ.1.neutral,"സർജൻ കസ്റ്റമർോട് പറഞ്ഞു, അവർ കാഷ് നൽകാമെന്ന്."
സർജൻ.കസ്റ്റമർ.0.male,"സർജൻ കസ്റ്റമർോട് പറഞ്ഞു, അവൻ അറ്റകുറ്റപ്പണികൾ പൂർത്തിയാക്കിയെന്ന്."
സർജൻ.കസ്റ്റമർ.0.female,"സർജൻ കസ്റ്റമർോട് പറഞ്ഞു, അവൾ അറ്റകുറ്റപ്പണികൾ പൂർത്തിയാക്കിയെന്ന്."
സർജൻ.കസ്റ്റമർ.0.neutral,"സർജൻ കസ്റ്റമർോട് പറഞ്ഞു, അവർ അറ്റകുറ്റപ്പണികൾ പൂർത്തിയാക്കിയെന്ന്."
സർജൻ.ഒരു ആള.1.male,"സർജൻ ഒരു ആളോട് പറഞ്ഞു, അവൻ കാഷ് നൽകാമെന്ന്."
സർജൻ.ഒരു ആള.1.female,"സർജൻ ഒരു ആളോട് പറഞ്ഞു, അവൾ കാഷ് നൽകാമെന്ന്."
സർജൻ.ഒരു ആള.1.neutral,"സർജൻ ഒരു ആളോട് പറഞ്ഞു, അവർ കാഷ് നൽകാമെന്ന്."
സർജൻ.ഒരു ആള.0.male,"സർജൻ ഒരു ആളോട് പറഞ്ഞു, അവൻ അറ്റകുറ്റപ്പണികൾ പൂർത്തിയാക്കിയെന്ന്."
സർജൻ.ഒരു ആള.0.female,"സർജൻ ഒരു ആളോട് പറഞ്ഞു, അവൾ അറ്റകുറ്റപ്പണികൾ പൂർത്തിയാക്കിയെന്ന്."
സർജൻ.ഒരു ആള.0.neutral,"സർജൻ ഒരു ആളോട് പറഞ്ഞു, അവർ അറ്റകുറ്റപ്പണികൾ പൂർത്തിയാക്കിയെന്ന്."
മൃഗഡോക്ടർ.കസ്റ്റമർ.1.male,"മൃഗഡോക്ടർ കസ്റ്റമർോട് പറഞ്ഞു, അവൻ കാഷ് നൽകാമെന്ന്."
മൃഗഡോക്ടർ.കസ്റ്റമർ.1.female,"മൃഗഡോക്ടർ കസ്റ്റമർോട് പറഞ്ഞു, അവൾ കാഷ് നൽകാമെന്ന്."
മൃഗഡോക്ടർ.കസ്റ്റമർ.1.neutral,"മൃഗഡോക്ടർ കസ്റ്റമർോട് പറഞ്ഞു, അവർ കാഷ് നൽകാമെന്ന്."
മൃഗഡോക്ടർ.കസ്റ്റമർ.0.male,"മൃഗഡോക്ടർ കസ്റ്റമർോട് പറഞ്ഞു, അവൻ അറ്റകുറ്റപ്പണികൾ പൂർത്തിയാക്കിയെന്ന്."
മൃഗഡോക്ടർ.കസ്റ്റമർ.0.female,"മൃഗഡോക്ടർ കസ്റ്റമർോട് പറഞ്ഞു, അവൾ അറ്റകുറ്റപ്പണികൾ പൂർത്തിയാക്കിയെന്ന്."
മൃഗഡോക്ടർ.കസ്റ്റമർ.0.neutral,"മൃഗഡോക്ടർ കസ്റ്റമർോട് പറഞ്ഞു, അവർ അറ്റകുറ്റപ്പണികൾ പൂർത്തിയാക്കിയെന്ന്."
മൃഗഡോക്ടർ.ഒരു ആള.1.male,"മൃഗഡോക്ടർ ഒരു ആളോട് പറഞ്ഞു, അവൻ കാഷ് നൽകാമെന്ന്."
മൃഗഡോക്ടർ.ഒരു ആള.1.female,"മൃഗഡോക്ടർ ഒരു ആളോട് പറഞ്ഞു, അവൾ കാഷ് നൽകാമെന്ന്."
മൃഗഡോക്ടർ.ഒരു ആള.1.neutral,"മൃഗഡോക്ടർ ഒരു ആളോട് പറഞ്ഞു, അവർ കാഷ് നൽകാമെന്ന്."
മൃഗഡോക്ടർ.ഒരു ആള.0.male,"മൃഗഡോക്ടർ ഒരു ആളോട് പറഞ്ഞു, അവൻ അറ്റകുറ്റപ്പണികൾ പൂർത്തിയാക്കിയെന്ന്."
മൃഗഡോക്ടർ.ഒരു ആള.0.female,"മൃഗഡോക്ടർ ഒരു ആളോട് പറഞ്ഞു, അവൾ അറ്റകുറ്റപ്പണികൾ പൂർത്തിയാക്കിയെന്ന്."
മൃഗഡോക്ടർ.ഒരു ആള.0.neutral,"മൃഗഡോക്ടർ ഒരു ആളോട് പറഞ്ഞു, അവർ അറ്റകുറ്റപ്പണികൾ പൂർത്തിയാക്കിയെന്ന്."
പാരാമെഡിക്കൽ.കസ്റ്റമർ.1.male,"പാരാമെഡിക്കൽ കസ്റ്റമർോട് പറഞ്ഞു, അവൻ കാഷ് നൽകാമെന്ന്."
പാരാമെഡിക്കൽ.കസ്റ്റമർ.1.female,"പാരാമെഡിക്കൽ കസ്റ്റമർോട് പറഞ്ഞു, അവൾ കാഷ് നൽകാമെന്ന്."
പാരാമെഡിക്കൽ.കസ്റ്റമർ.1.neutral,"പാരാമെഡിക്കൽ കസ്റ്റമർോട് പറഞ്ഞു, അവർ കാഷ് നൽകാമെന്ന്."
പാരാമെഡിക്കൽ.കസ്റ്റമർ.0.male,"പാരാമെഡിക്കൽ കസ്റ്റമർോട് പറഞ്ഞു, അവൻ അറ്റകുറ്റപ്പണികൾ പൂർത്തിയാക്കിയെന്ന്."
പാരാമെഡിക്കൽ.കസ്റ്റമർ.0.female,"പാരാമെഡിക്കൽ കസ്റ്റമർോട് പറഞ്ഞു, അവൾ അറ്റകുറ്റപ്പണികൾ പൂർത്തിയാക്കിയെന്ന്."
പാരാമെഡിക്കൽ.കസ്റ്റമർ.0.neutral,"പാരാമെഡിക്കൽ കസ്റ്റമർോട് പറഞ്ഞു, അവർ അറ്റകുറ്റപ്പണികൾ പൂർത്തിയാക്കിയെന്ന്."
പാരാമെഡിക്കൽ.ഒരു ആള.1.male,"പാരാമെഡിക്കൽ ഒരു ആളോട് പറഞ്ഞു, അവൻ കാഷ് നൽകാമെന്ന്."
പാരാമെഡിക്കൽ.ഒരു ആള.1.female,"പാരാമെഡിക്കൽ ഒരു ആളോട് പറഞ്ഞു, അവൾ കാഷ് നൽകാമെന്ന്."
പാരാമെഡിക്കൽ.ഒരു ആള.1.neutral,"പാരാമെഡിക്കൽ ഒരു ആളോട് പറഞ്ഞു, അവർ കാഷ് നൽകാമെന്ന്."
പാരാമെഡിക്കൽ.ഒരു ആള.0.male,"പാരാമെഡിക്കൽ ഒരു ആളോട് പറഞ്ഞു, അവൻ അറ്റകുറ്റപ്പണികൾ പൂർത്തിയാക്കിയെന്ന്."
പാരാമെഡിക്കൽ.ഒരു ആള.0.female,"പാരാമെഡിക്കൽ ഒരു ആളോട് പറഞ്ഞു, അവൾ അറ്റകുറ്റപ്പണികൾ പൂർത്തിയാക്കിയെന്ന്."
പാരാമെഡിക്കൽ.ഒരു ആള.0.neutral,"പാരാമെഡിക്കൽ ഒരു ആളോട് പറഞ്ഞു, അവർ അറ്റകുറ്റപ്പണികൾ പൂർത്തിയാക്കിയെന്ന്."
എക്സാമിനർ.കസ്റ്റമർ.1.male,"എക്സാമിനർ കസ്റ്റമർോട് പറഞ്ഞു, അവൻ കാഷ് നൽകാമെന്ന്."
എക്സാമിനർ.കസ്റ്റമർ.1.female,"എക്സാമിനർ കസ്റ്റമർോട് പറഞ്ഞു, അവൾ കാഷ് നൽകാമെന്ന്."
എക്സാമിനർ.കസ്റ്റമർ.1.neutral,"എക്സാമിനർ കസ്റ്റമർോട് പറഞ്ഞു, അവർ കാഷ് നൽകാമെന്ന്."
എക്സാമിനർ.കസ്റ്റമർ.0.male,"എക്സാമിനർ കസ്റ്റമർോട് പറഞ്ഞു, അവൻ അറ്റകുറ്റപ്പണികൾ പൂർത്തിയാക്കിയെന്ന്."
എക്സാമിനർ.കസ്റ്റമർ.0.female,"എക്സാമിനർ കസ്റ്റമർോട് പറഞ്ഞു, അവൾ അറ്റകുറ്റപ്പണികൾ പൂർത്തിയാക്കിയെന്ന്."
എക്സാമിനർ.കസ്റ്റമർ.0.neutral,"എക്സാമിനർ കസ്റ്റമർോട് പറഞ്ഞു, അവർ അറ്റകുറ്റപ്പണികൾ പൂർത്തിയാക്കിയെന്ന്."
എക്സാമിനർ.ഒരു ആള.1.male,"എക്സാമിനർ ഒരു ആളോട് പറഞ്ഞു, അവൻ കാഷ് നൽകാമെന്ന്."
എക്സാമിനർ.ഒരു ആള.1.female,"എക്സാമിനർ ഒരു ആളോട് പറഞ്ഞു, അവൾ കാഷ് നൽകാമെന്ന്."
എക്സാമിനർ.ഒരു ആള.1.neutral,"എക്സാമിനർ ഒരു ആളോട് പറഞ്ഞു, അവർ കാഷ് നൽകാമെന്ന്."
എക്സാമിനർ.ഒരു ആള.0.male,"എക്സാമിനർ ഒരു ആളോട് പറഞ്ഞു, അവൻ അറ്റകുറ്റപ്പണികൾ പൂർത്തിയാക്കിയെന്ന്."
എക്സാമിനർ.ഒരു ആള.0.female,"എക്സാമിനർ ഒരു ആളോട് പറഞ്ഞു, അവൾ അറ്റകുറ്റപ്പണികൾ പൂർത്തിയാക്കിയെന്ന്."
എക്സാമിനർ.ഒരു ആള.0.neutral,"എക്സാമിനർ ഒരു ആളോട് പറഞ്ഞു, അവർ അറ്റകുറ്റപ്പണികൾ പൂർത്തിയാക്കിയെന്ന്."
രസതന്ത്രജ്ഞൻ.കസ്റ്റമർ.1.male,"രസതന്ത്രജ്ഞൻ കസ്റ്റമർോട് പറഞ്ഞു, അവൻ കാഷ് നൽകാമെന്ന്."
രസതന്ത്രജ്ഞൻ.കസ്റ്റമർ.1.female,"രസതന്ത്രജ്ഞൻ കസ്റ്റമർോട് പറഞ്ഞു, അവൾ കാഷ് നൽകാമെന്ന്."
രസതന്ത്രജ്ഞൻ.കസ്റ്റമർ.1.neutral,"രസതന്ത്രജ്ഞൻ കസ്റ്റമർോട് പറഞ്ഞു, അവർ കാഷ് നൽകാമെന്ന്."
രസതന്ത്രജ്ഞൻ.കസ്റ്റമർ.0.male,"രസതന്ത്രജ്ഞൻ കസ്റ്റമർോട് പറഞ്ഞു, അവൻ അറ്റകുറ്റപ്പണികൾ പൂർത്തിയാക്കിയെന്ന്."
രസതന്ത്രജ്ഞൻ.കസ്റ്റമർ.0.female,"രസതന്ത്രജ്ഞൻ കസ്റ്റമർോട് പറഞ്ഞു, അവൾ അറ്റകുറ്റപ്പണികൾ പൂർത്തിയാക്കിയെന്ന്."
രസതന്ത്രജ്ഞൻ.കസ്റ്റമർ.0.neutral,"രസതന്ത്രജ്ഞൻ കസ്റ്റമർോട് പറഞ്ഞു, അവർ അറ്റകുറ്റപ്പണികൾ പൂർത്തിയാക്കിയെന്ന്."
രസതന്ത്രജ്ഞൻ.ഒരു ആള.1.male,"രസതന്ത്രജ്ഞൻ ഒരു ആളോട് പറഞ്ഞു, അവൻ കാഷ് നൽകാമെന്ന്."
രസതന്ത്രജ്ഞൻ.ഒരു ആള.1.female,"രസതന്ത്രജ്ഞൻ ഒരു ആളോട് പറഞ്ഞു, അവൾ കാഷ് നൽകാമെന്ന്."
രസതന്ത്രജ്ഞൻ.ഒരു ആള.1.neutral,"രസതന്ത്രജ്ഞൻ ഒരു ആളോട് പറഞ്ഞു, അവർ കാഷ് നൽകാമെന്ന്."
രസതന്ത്രജ്ഞൻ.ഒരു ആള.0.male,"രസതന്ത്രജ്ഞൻ ഒരു ആളോട് പറഞ്ഞു, അവൻ അറ്റകുറ്റപ്പണികൾ പൂർത്തിയാക്കിയെന്ന്."
രസതന്ത്രജ്ഞൻ.ഒരു ആള.0.female,"രസതന്ത്രജ്ഞൻ ഒരു ആളോട് പറഞ്ഞു, അവൾ അറ്റകുറ്റപ്പണികൾ പൂർത്തിയാക്കിയെന്ന്."
രസതന്ത്രജ്ഞൻ.ഒരു ആള.0.neutral,"രസതന്ത്രജ്ഞൻ ഒരു ആളോട് പറഞ്ഞു, അവർ അറ്റകുറ്റപ്പണികൾ പൂർത്തിയാക്കിയെന്ന്."
മെഷിനിസ്റ്റ്.കസ്റ്റമർ.1.male,"മെഷിനിസ്റ്റ് കസ്റ്റമർോട് പറഞ്ഞു, അവൻ കാഷ് നൽകാമെന്ന്."
മെഷിനിസ്റ്റ്.കസ്റ്റമർ.1.female,"മെഷിനിസ്റ്റ് കസ്റ്റമർോട് പറഞ്ഞു, അവൾ കാഷ് നൽകാമെന്ന്."
മെഷിനിസ്റ്റ്.കസ്റ്റമർ.1.neutral,"മെഷിനിസ്റ്റ് കസ്റ്റമർോട് പറഞ്ഞു, അവർ കാഷ് നൽകാമെന്ന്."
മെഷിനിസ്റ്റ്.കസ്റ്റമർ.0.male,"മെഷിനിസ്റ്റ് കസ്റ്റമർോട് പറഞ്ഞു, അവൻ അറ്റകുറ്റപ്പണികൾ പൂർത്തിയാക്കിയെന്ന്."
മെഷിനിസ്റ്റ്.കസ്റ്റമർ.0.female,"മെഷിനിസ്റ്റ് കസ്റ്റമർോട് പറഞ്ഞു, അവൾ അറ്റകുറ്റപ്പണികൾ പൂർത്തിയാക്കിയെന്ന്."
മെഷിനിസ്റ്റ്.കസ്റ്റമർ.0.neutral,"മെഷിനിസ്റ്റ് കസ്റ്റമർോട് പറഞ്ഞു, അവർ അറ്റകുറ്റപ്പണികൾ പൂർത്തിയാക്കിയെന്ന്."
മെഷിനിസ്റ്റ്.ഒരു ആള.1.male,"മെഷിനിസ്റ്റ് ഒരു ആളോട് പറഞ്ഞു, അവൻ കാഷ് നൽകാമെന്ന്."
മെഷിനിസ്റ്റ്.ഒരു ആള.1.female,"മെഷിനിസ്റ്റ് ഒരു ആളോട് പറഞ്ഞു, അവൾ കാഷ് നൽകാമെന്ന്."
മെഷിനിസ്റ്റ്.ഒരു ആള.1.neutral,"മെഷിനിസ്റ്റ് ഒരു ആളോട് പറഞ്ഞു, അവർ കാഷ് നൽകാമെന്ന്."
മെഷിനിസ്റ്റ്.ഒരു ആള.0.male,"മെഷിനിസ്റ്റ് ഒരു ആളോട് പറഞ്ഞു, അവൻ അറ്റകുറ്റപ്പണികൾ പൂർത്തിയാക്കിയെന്ന്."
മെഷിനിസ്റ്റ്.ഒരു ആള.0.female,"മെഷിനിസ്റ്റ് ഒരു ആളോട് പറഞ്ഞു, അവൾ അറ്റകുറ്റപ്പണികൾ പൂർത്തിയാക്കിയെന്ന്."
മെഷിനിസ്റ്റ്.ഒരു ആള.0.neutral,"മെഷിനിസ്റ്റ് ഒരു ആളോട് പറഞ്ഞു, അവർ അറ്റകുറ്റപ്പണികൾ പൂർത്തിയാക്കിയെന്ന്."
മൂല്യനിർണ്ണയക്കാരൻ.കസ്റ്റമർ.1.male,"മൂല്യനിർണ്ണയക്കാരൻ കസ്റ്റമർോട് പറഞ്ഞു, അവൻ കാഷ് നൽകാമെന്ന്."
മൂല്യനിർണ്ണയക്കാരൻ.കസ്റ്റമർ.1.female,"മൂല്യനിർണ്ണയക്കാരൻ കസ്റ്റമർോട് പറഞ്ഞു, അവൾ കാഷ് നൽകാമെന്ന്."
മൂല്യനിർണ്ണയക്കാരൻ.കസ്റ്റമർ.1.neutral,"മൂല്യനിർണ്ണയക്കാരൻ കസ്റ്റമർോട് പറഞ്ഞു, അവർ കാഷ് നൽകാമെന്ന്."
മൂല്യനിർണ്ണയക്കാരൻ.കസ്റ്റമർ.0.male,"മൂല്യനിർണ്ണയക്കാരൻ കസ്റ്റമർോട് പറഞ്ഞു, അവൻ അറ്റകുറ്റപ്പണികൾ പൂർത്തിയാക്കിയെന്ന്."
മൂല്യനിർണ്ണയക്കാരൻ.കസ്റ്റമർ.0.female,"മൂല്യനിർണ്ണയക്കാരൻ കസ്റ്റമർോട് പറഞ്ഞു, അവൾ അറ്റകുറ്റപ്പണികൾ പൂർത്തിയാക്കിയെന്ന്."
മൂല്യനിർണ്ണയക്കാരൻ.കസ്റ്റമർ.0.neutral,"മൂല്യനിർണ്ണയക്കാരൻ കസ്റ്റമർോട് പറഞ്ഞു, അവർ അറ്റകുറ്റപ്പണികൾ പൂർത്തിയാക്കിയെന്ന്."
മൂല്യനിർണ്ണയക്കാരൻ.ഒരു ആള.1.male,"മൂല്യനിർണ്ണയക്കാരൻ ഒരു ആളോട് പറഞ്ഞു, അവൻ കാഷ് നൽകാമെന്ന്."
മൂല്യനിർണ്ണയക്കാരൻ.ഒരു ആള.1.female,"മൂല്യനിർണ്ണയക്കാരൻ ഒരു ആളോട് പറഞ്ഞു, അവൾ കാഷ് നൽകാമെന്ന്."
മൂല്യനിർണ്ണയക്കാരൻ.ഒരു ആള.1.neutral,"മൂല്യനിർണ്ണയക്കാരൻ ഒരു ആളോട് പറഞ്ഞു, അവർ കാഷ് നൽകാമെന്ന്."
മൂല്യനിർണ്ണയക്കാരൻ.ഒരു ആള.0.male,"മൂല്യനിർണ്ണയക്കാരൻ ഒരു ആളോട് പറഞ്ഞു, അവൻ അറ്റകുറ്റപ്പണികൾ പൂർത്തിയാക്കിയെന്ന്."
മൂല്യനിർണ്ണയക്കാരൻ.ഒരു ആള.0.female,"മൂല്യനിർണ്ണയക്കാരൻ ഒരു ആളോട് പറഞ്ഞു, അവൾ അറ്റകുറ്റപ്പണികൾ പൂർത്തിയാക്കിയെന്ന്."
മൂല്യനിർണ്ണയക്കാരൻ.ഒരു ആള.0.neutral,"മൂല്യനിർണ്ണയക്കാരൻ ഒരു ആളോട് പറഞ്ഞു, അവർ അറ്റകുറ്റപ്പണികൾ പൂർത്തിയാക്കിയെന്ന്."
പോഷകാഹാര വിദഗ്ധൻ.കസ്റ്റമർ.1.male,"പോഷകാഹാര വിദഗ്ധൻ കസ്റ്റമർോട് പറഞ്ഞു, അവൻ കാഷ് നൽകാമെന്ന്."
പോഷകാഹാര വിദഗ്ധൻ.കസ്റ്റമർ.1.female,"പോഷകാഹാര വിദഗ്ധൻ കസ്റ്റമർോട് പറഞ്ഞു, അവൾ കാഷ് നൽകാമെന്ന്."
പോഷകാഹാര വിദഗ്ധൻ.കസ്റ്റമർ.1.neutral,"പോഷകാഹാര വിദഗ്ധൻ കസ്റ്റമർോട് പറഞ്ഞു, അവർ കാഷ് നൽകാമെന്ന്."
പോഷകാഹാര വിദഗ്ധൻ.കസ്റ്റമർ.0.male,"പോഷകാഹാര വിദഗ്ധൻ കസ്റ്റമർോട് പറഞ്ഞു, അവൻ അറ്റകുറ്റപ്പണികൾ പൂർത്തിയാക്കിയെന്ന്."
പോഷകാഹാര വിദഗ്ധൻ.കസ്റ്റമർ.0.female,"പോഷകാഹാര വിദഗ്ധൻ കസ്റ്റമർോട് പറഞ്ഞു, അവൾ അറ്റകുറ്റപ്പണികൾ പൂർത്തിയാക്കിയെന്ന്."
പോഷകാഹാര വിദഗ്ധൻ.കസ്റ്റമർ.0.neutral,"പോഷകാഹാര വിദഗ്ധൻ കസ്റ്റമർോട് പറഞ്ഞു, അവർ അറ്റകുറ്റപ്പണികൾ പൂർത്തിയാക്കിയെന്ന്."
പോഷകാഹാര വിദഗ്ധൻ.ഒരു ആള.1.male,"പോഷകാഹാര വിദഗ്ധൻ ഒരു ആളോട് പറഞ്ഞു, അവൻ കാഷ് നൽകാമെന്ന്."
പോഷകാഹാര വിദഗ്ധൻ.ഒരു ആള.1.female,"പോഷകാഹാര വിദഗ്ധൻ ഒരു ആളോട് പറഞ്ഞു, അവൾ കാഷ് നൽകാമെന്ന്."
പോഷകാഹാര വിദഗ്ധൻ.ഒരു ആള.1.neutral,"പോഷകാഹാര വിദഗ്ധൻ ഒരു ആളോട് പറഞ്ഞു, അവർ കാഷ് നൽകാമെന്ന്."
പോഷകാഹാര വിദഗ്ധൻ.ഒരു ആള.0.male,"പോഷകാഹാര വിദഗ്ധൻ ഒരു ആളോട് പറഞ്ഞു, അവൻ അറ്റകുറ്റപ്പണികൾ പൂർത്തിയാക്കിയെന്ന്."
പോഷകാഹാര വിദഗ്ധൻ.ഒരു ആള.0.female,"പോഷകാഹാര വിദഗ്ധൻ ഒരു ആളോട് പറഞ്ഞു, അവൾ അറ്റകുറ്റപ്പണികൾ പൂർത്തിയാക്കിയെന്ന്."
പോഷകാഹാര വിദഗ്ധൻ.ഒരു ആള.0.neutral,"പോഷകാഹാര വിദഗ്ധൻ ഒരു ആളോട് പറഞ്ഞു, അവർ അറ്റകുറ്റപ്പണികൾ പൂർത്തിയാക്കിയെന്ന്."
ആർക്കിടെക്റ്റ്.കസ്റ്റമർ.1.male,"ആർക്കിടെക്റ്റ് കസ്റ്റമർോട് പറഞ്ഞു, അവൻ കാഷ് നൽകാമെന്ന്."
ആർക്കിടെക്റ്റ്.കസ്റ്റമർ.1.female,"ആർക്കിടെക്റ്റ് കസ്റ്റമർോട് പറഞ്ഞു, അവൾ കാഷ് നൽകാമെന്ന്."
ആർക്കിടെക്റ്റ്.കസ്റ്റമർ.1.neutral,"ആർക്കിടെക്റ്റ് കസ്റ്റമർോട് പറഞ്ഞു, അവർ കാഷ് നൽകാമെന്ന്."
ആർക്കിടെക്റ്റ്.കസ്റ്റമർ.0.male,"ആർക്കിടെക്റ്റ് കസ്റ്റമർോട് പറഞ്ഞു, അവൻ അറ്റകുറ്റപ്പണികൾ പൂർത്തിയാക്കിയെന്ന്."
ആർക്കിടെക്റ്റ്.കസ്റ്റമർ.0.female,"ആർക്കിടെക്റ്റ് കസ്റ്റമർോട് പറഞ്ഞു, അവൾ അറ്റകുറ്റപ്പണികൾ പൂർത്തിയാക്കിയെന്ന്."
ആർക്കിടെക്റ്റ്.കസ്റ്റമർ.0.neutral,"ആർക്കിടെക്റ്റ് കസ്റ്റമർോട് പറഞ്ഞു, അവർ അറ്റകുറ്റപ്പണികൾ പൂർത്തിയാക്കിയെന്ന്."
ആർക്കിടെക്റ്റ്.ഒരു ആള.1.male,"ആർക്കിടെക്റ്റ് ഒരു ആളോട് പറഞ്ഞു, അവൻ കാഷ് നൽകാമെന്ന്."
ആർക്കിടെക്റ്റ്.ഒരു ആള.1.female,"ആർക്കിടെക്റ്റ് ഒരു ആളോട് പറഞ്ഞു, അവൾ കാഷ് നൽകാമെന്ന്."
ആർക്കിടെക്റ്റ്.ഒരു ആള.1.neutral,"ആർക്കിടെക്റ്റ് ഒരു ആളോട് പറഞ്ഞു, അവർ കാഷ് നൽകാമെന്ന്."
ആർക്കിടെക്റ്റ്.ഒരു ആള.0.male,"ആർക്കിടെക്റ്റ് ഒരു ആളോട് പറഞ്ഞു, അവൻ അറ്റകുറ്റപ്പണികൾ പൂർത്തിയാക്കിയെന്ന്."
ആർക്കിടെക്റ്റ്.ഒരു ആള.0.female,"ആർക്കിടെക്റ്റ് ഒരു ആളോട് പറഞ്ഞു, അവൾ അറ്റകുറ്റപ്പണികൾ പൂർത്തിയാക്കിയെന്ന്."
ആർക്കിടെക്റ്റ്.ഒരു ആള.0.neutral,"ആർക്കിടെക്റ്റ് ഒരു ആളോട് പറഞ്ഞു, അവർ അറ്റകുറ്റപ്പണികൾ പൂർത്തിയാക്കിയെന്ന്."
കേശവൻ.കസ്റ്റമർ.1.male,"കേശവൻ കസ്റ്റമർോട് പറഞ്ഞു, അവൻ കാഷ് നൽകാമെന്ന്."
കേശവൻ.കസ്റ്റമർ.1.female,"കേശവൻ കസ്റ്റമർോട് പറഞ്ഞു, അവൾ കാഷ് നൽകാമെന്ന്."
കേശവൻ.കസ്റ്റമർ.1.neutral,"കേശവൻ കസ്റ്റമർോട് പറഞ്ഞു, അവർ കാഷ് നൽകാമെന്ന്."
കേശവൻ.കസ്റ്റമർ.0.male,"കേശവൻ കസ്റ്റമർോട് പറഞ്ഞു, അവൻ അറ്റകുറ്റപ്പണികൾ പൂർത്തിയാക്കിയെന്ന്."
കേശവൻ.കസ്റ്റമർ.0.female,"കേശവൻ കസ്റ്റമർോട് പറഞ്ഞു, അവൾ അറ്റകുറ്റപ്പണികൾ പൂർത്തിയാക്കിയെന്ന്."
കേശവൻ.കസ്റ്റമർ.0.neutral,"കേശവൻ കസ്റ്റമർോട് പറഞ്ഞു, അവർ അറ്റകുറ്റപ്പണികൾ പൂർത്തിയാക്കിയെന്ന്."
കേശവൻ.ഒരു ആള.1.male,"കേശവൻ ഒരു ആളോട് പറഞ്ഞു, അവൻ കാഷ് നൽകാമെന്ന്."
കേശവൻ.ഒരു ആള.1.female,"കേശവൻ ഒരു ആളോട് പറഞ്ഞു, അവൾ കാഷ് നൽകാമെന്ന്."
കേശവൻ.ഒരു ആള.1.neutral,"കേശവൻ ഒരു ആളോട് പറഞ്ഞു, അവർ കാഷ് നൽകാമെന്ന്."
കേശവൻ.ഒരു ആള.0.male,"കേശവൻ ഒരു ആളോട് പറഞ്ഞു, അവൻ അറ്റകുറ്റപ്പണികൾ പൂർത്തിയാക്കിയെന്ന്."
കേശവൻ.ഒരു ആള.0.female,"കേശവൻ ഒരു ആളോട് പറഞ്ഞു, അവൾ അറ്റകുറ്റപ്പണികൾ പൂർത്തിയാക്കിയെന്ന്."
കേശവൻ.ഒരു ആള.0.neutral,"കേശവൻ ഒരു ആളോട് പറഞ്ഞു, അവർ അറ്റകുറ്റപ്പണികൾ പൂർത്തിയാക്കിയെന്ന്."
ബേക്കർ.കസ്റ്റമർ.1.male,"ബേക്കർ കസ്റ്റമർോട് പറഞ്ഞു, അവൻ കാഷ് നൽകാമെന്ന്."
ബേക്കർ.കസ്റ്റമർ.1.female,"ബേക്കർ കസ്റ്റമർോട് പറഞ്ഞു, അവൾ കാഷ് നൽകാമെന്ന്."
ബേക്കർ.കസ്റ്റമർ.1.neutral,"ബേക്കർ കസ്റ്റമർോട് പറഞ്ഞു, അവർ കാഷ് നൽകാമെന്ന്."
ബേക്കർ.കസ്റ്റമർ.0.male,"ബേക്കർ കസ്റ്റമർോട് പറഞ്ഞു, അവൻ അറ്റകുറ്റപ്പണികൾ പൂർത്തിയാക്കിയെന്ന്."
ബേക്കർ.കസ്റ്റമർ.0.female,"ബേക്കർ കസ്റ്റമർോട് പറഞ്ഞു, അവൾ അറ്റകുറ്റപ്പണികൾ പൂർത്തിയാക്കിയെന്ന്."
ബേക്കർ.കസ്റ്റമർ.0.neutral,"ബേക്കർ കസ്റ്റമർോട് പറഞ്ഞു, അവർ അറ്റകുറ്റപ്പണികൾ പൂർത്തിയാക്കിയെന്ന്."
ബേക്കർ.ഒരു ആള.1.male,"ബേക്കർ ഒരു ആളോട് പറഞ്ഞു, അവൻ കാഷ് നൽകാമെന്ന്."
ബേക്കർ.ഒരു ആള.1.female,"ബേക്കർ ഒരു ആളോട് പറഞ്ഞു, അവൾ കാഷ് നൽകാമെന്ന്."
ബേക്കർ.ഒരു ആള.1.neutral,"ബേക്കർ ഒരു ആളോട് പറഞ്ഞു, അവർ കാഷ് നൽകാമെന്ന്."
ബേക്കർ.ഒരു ആള.0.male,"ബേക്കർ ഒരു ആളോട് പറഞ്ഞു, അവൻ അറ്റകുറ്റപ്പണികൾ പൂർത്തിയാക്കിയെന്ന്."
ബേക്കർ.ഒരു ആള.0.female,"ബേക്കർ ഒരു ആളോട് പറഞ്ഞു, അവൾ അറ്റകുറ്റപ്പണികൾ പൂർത്തിയാക്കിയെന്ന്."
ബേക്കർ.ഒരു ആള.0.neutral,"ബേക്കർ ഒരു ആളോട് പറഞ്ഞു, അവർ അറ്റകുറ്റപ്പണികൾ പൂർത്തിയാക്കിയെന്ന്."
പ്രോഗ്രാമർ.കസ്റ്റമർ.1.male,"പ്രോഗ്രാമർ കസ്റ്റമർോട് പറഞ്ഞു, അവൻ കാഷ് നൽകാമെന്ന്."
പ്രോഗ്രാമർ.കസ്റ്റമർ.1.female,"പ്രോഗ്രാമർ കസ്റ്റമർോട് പറഞ്ഞു, അവൾ കാഷ് നൽകാമെന്ന്."
പ്രോഗ്രാമർ.കസ്റ്റമർ.1.neutral,"പ്രോഗ്രാമർ കസ്റ്റമർോട് പറഞ്ഞു, അവർ കാഷ് നൽകാമെന്ന്."
പ്രോഗ്രാമർ.കസ്റ്റമർ.0.male,"പ്രോഗ്രാമർ കസ്റ്റമർോട് പറഞ്ഞു, അവൻ അറ്റകുറ്റപ്പണികൾ പൂർത്തിയാക്കിയെന്ന്."
പ്രോഗ്രാമർ.കസ്റ്റമർ.0.female,"പ്രോഗ്രാമർ കസ്റ്റമർോട് പറഞ്ഞു, അവൾ അറ്റകുറ്റപ്പണികൾ പൂർത്തിയാക്കിയെന്ന്."
പ്രോഗ്രാമർ.കസ്റ്റമർ.0.neutral,"പ്രോഗ്രാമർ കസ്റ്റമർോട് പറഞ്ഞു, അവർ അറ്റകുറ്റപ്പണികൾ പൂർത്തിയാക്കിയെന്ന്."
പ്രോഗ്രാമർ.ഒരു ആള.1.male,"പ്രോഗ്രാമർ ഒരു ആളോട് പറഞ്ഞു, അവൻ കാഷ് നൽകാമെന്ന്."
പ്രോഗ്രാമർ.ഒരു ആള.1.female,"പ്രോഗ്രാമർ ഒരു ആളോട് പറഞ്ഞു, അവൾ കാഷ് നൽകാമെന്ന്."
പ്രോഗ്രാമർ.ഒരു ആള.1.neutral,"പ്രോഗ്രാമർ ഒരു ആളോട് പറഞ്ഞു, അവർ കാഷ് നൽകാമെന്ന്."
പ്രോഗ്രാമർ.ഒരു ആള.0.male,"പ്രോഗ്രാമർ ഒരു ആളോട് പറഞ്ഞു, അവൻ അറ്റകുറ്റപ്പണികൾ പൂർത്തിയാക്കിയെന്ന്."
പ്രോഗ്രാമർ.ഒരു ആള.0.female,"പ്രോഗ്രാമർ ഒരു ആളോട് പറഞ്ഞു, അവൾ അറ്റകുറ്റപ്പണികൾ പൂർത്തിയാക്കിയെന്ന്."
പ്രോഗ്രാമർ.ഒരു ആള.0.neutral,"പ്രോഗ്രാമർ ഒരു ആളോട് പറഞ്ഞു, അവർ അറ്റകുറ്റപ്പണികൾ പൂർത്തിയാക്കിയെന്ന്."
പാരാ ലീഗൽ.കസ്റ്റമർ.1.male,"പാരാ ലീഗൽ കസ്റ്റമർോട് പറഞ്ഞു, അവൻ കാഷ് നൽകാമെന്ന്."
പാരാ ലീഗൽ.കസ്റ്റമർ.1.female,"പാരാ ലീഗൽ കസ്റ്റമർോട് പറഞ്ഞു, അവൾ കാഷ് നൽകാമെന്ന്."
പാരാ ലീഗൽ.കസ്റ്റമർ.1.neutral,"പാരാ ലീഗൽ കസ്റ്റമർോട് പറഞ്ഞു, അവർ കാഷ് നൽകാമെന്ന്."
പാരാ ലീഗൽ.കസ്റ്റമർ.0.male,"പാരാ ലീഗൽ കസ്റ്റമർോട് പറഞ്ഞു, അവൻ അറ്റകുറ്റപ്പണികൾ പൂർത്തിയാക്കിയെന്ന്."
പാരാ ലീഗൽ.കസ്റ്റമർ.0.female,"പാരാ ലീഗൽ കസ്റ്റമർോട് പറഞ്ഞു, അവൾ അറ്റകുറ്റപ്പണികൾ പൂർത്തിയാക്കിയെന്ന്."
പാരാ ലീഗൽ.കസ്റ്റമർ.0.neutral,"പാരാ ലീഗൽ കസ്റ്റമർോട് പറഞ്ഞു, അവർ അറ്റകുറ്റപ്പണികൾ പൂർത്തിയാക്കിയെന്ന്."
പാരാ ലീഗൽ.ഒരു ആള.1.male,"പാരാ ലീഗൽ ഒരു ആളോട് പറഞ്ഞു, അവൻ കാഷ് നൽകാമെന്ന്."
പാരാ ലീഗൽ.ഒരു ആള.1.female,"പാരാ ലീഗൽ ഒരു ആളോട് പറഞ്ഞു, അവൾ കാഷ് നൽകാമെന്ന്."
പാരാ ലീഗൽ.ഒരു ആള.1.neutral,"പാരാ ലീഗൽ ഒരു ആളോട് പറഞ്ഞു, അവർ കാഷ് നൽകാമെന്ന്."
പാരാ ലീഗൽ.ഒരു ആള.0.male,"പാരാ ലീഗൽ ഒരു ആളോട് പറഞ്ഞു, അവൻ അറ്റകുറ്റപ്പണികൾ പൂർത്തിയാക്കിയെന്ന്."
പാരാ ലീഗൽ.ഒരു ആള.0.female,"പാരാ ലീഗൽ ഒരു ആളോട് പറഞ്ഞു, അവൾ അറ്റകുറ്റപ്പണികൾ പൂർത്തിയാക്കിയെന്ന്."
പാരാ ലീഗൽ.ഒരു ആള.0.neutral,"പാരാ ലീഗൽ ഒരു ആളോട് പറഞ്ഞു, അവർ അറ്റകുറ്റപ്പണികൾ പൂർത്തിയാക്കിയെന്ന്."
ശുചിത്വ വിദഗ്ധൻ.കസ്റ്റമർ.1.male,"ശുചിത്വ വിദഗ്ധൻ കസ്റ്റമർോട് പറഞ്ഞു, അവൻ കാഷ് നൽകാമെന്ന്."
ശുചിത്വ വിദഗ്ധൻ.കസ്റ്റമർ.1.female,"ശുചിത്വ വിദഗ്ധൻ കസ്റ്റമർോട് പറഞ്ഞു, അവൾ കാഷ് നൽകാമെന്ന്."
ശുചിത്വ വിദഗ്ധൻ.കസ്റ്റമർ.1.neutral,"ശുചിത്വ വിദഗ്ധൻ കസ്റ്റമർോട് പറഞ്ഞു, അവർ കാഷ് നൽകാമെന്ന്."
ശുചിത്വ വിദഗ്ധൻ.കസ്റ്റമർ.0.male,"ശുചിത്വ വിദഗ്ധൻ കസ്റ്റമർോട് പറഞ്ഞു, അവൻ അറ്റകുറ്റപ്പണികൾ പൂർത്തിയാക്കിയെന്ന്."
ശുചിത്വ വിദഗ്ധൻ.കസ്റ്റമർ.0.female,"ശുചിത്വ വിദഗ്ധൻ കസ്റ്റമർോട് പറഞ്ഞു, അവൾ അറ്റകുറ്റപ്പണികൾ പൂർത്തിയാക്കിയെന്ന്."
ശുചിത്വ വിദഗ്ധൻ.കസ്റ്റമർ.0.neutral,"ശുചിത്വ വിദഗ്ധൻ കസ്റ്റമർോട് പറഞ്ഞു, അവർ അറ്റകുറ്റപ്പണികൾ പൂർത്തിയാക്കിയെന്ന്."
ശുചിത്വ വിദഗ്ധൻ.ഒരു ആള.1.male,"ശുചിത്വ വിദഗ്ധൻ ഒരു ആളോട് പറഞ്ഞു, അവൻ കാഷ് നൽകാമെന്ന്."
ശുചിത്വ വിദഗ്ധൻ.ഒരു ആള.1.female,"ശുചിത്വ വിദഗ്ധൻ ഒരു ആളോട് പറഞ്ഞു, അവൾ കാഷ് നൽകാമെന്ന്."
ശുചിത്വ വിദഗ്ധൻ.ഒരു ആള.1.neutral,"ശുചിത്വ വിദഗ്ധൻ ഒരു ആളോട് പറഞ്ഞു, അവർ കാഷ് നൽകാമെന്ന്."
ശുചിത്വ വിദഗ്ധൻ.ഒരു ആള.0.male,"ശുചിത്വ വിദഗ്ധൻ ഒരു ആളോട് പറഞ്ഞു, അവൻ അറ്റകുറ്റപ്പണികൾ പൂർത്തിയാക്കിയെന്ന്."
ശുചിത്വ വിദഗ്ധൻ.ഒരു ആള.0.female,"ശുചിത്വ വിദഗ്ധൻ ഒരു ആളോട് പറഞ്ഞു, അവൾ അറ്റകുറ്റപ്പണികൾ പൂർത്തിയാക്കിയെന്ന്."
ശുചിത്വ വിദഗ്ധൻ.ഒരു ആള.0.neutral,"ശുചിത്വ വിദഗ്ധൻ ഒരു ആളോട് പറഞ്ഞു, അവർ അറ്റകുറ്റപ്പണികൾ പൂർത്തിയാക്കിയെന്ന്."
ശാസ്ത്രജ്ഞൻ.കസ്റ്റമർ.1.male,"ശാസ്ത്രജ്ഞൻ കസ്റ്റമർോട് പറഞ്ഞു, അവൻ കാഷ് നൽകാമെന്ന്."
ശാസ്ത്രജ്ഞൻ.കസ്റ്റമർ.1.female,"ശാസ്ത്രജ്ഞൻ കസ്റ്റമർോട് പറഞ്ഞു, അവൾ കാഷ് നൽകാമെന്ന്."
ശാസ്ത്രജ്ഞൻ.കസ്റ്റമർ.1.neutral,"ശാസ്ത്രജ്ഞൻ കസ്റ്റമർോട് പറഞ്ഞു, അവർ കാഷ് നൽകാമെന്ന്."
ശാസ്ത്രജ്ഞൻ.കസ്റ്റമർ.0.male,"ശാസ്ത്രജ്ഞൻ കസ്റ്റമർോട് പറഞ്ഞു, അവൻ അറ്റകുറ്റപ്പണികൾ പൂർത്തിയാക്കിയെന്ന്."
ശാസ്ത്രജ്ഞൻ.കസ്റ്റമർ.0.female,"ശാസ്ത്രജ്ഞൻ കസ്റ്റമർോട് പറഞ്ഞു, അവൾ അറ്റകുറ്റപ്പണികൾ പൂർത്തിയാക്കിയെന്ന്."
ശാസ്ത്രജ്ഞൻ.കസ്റ്റമർ.0.neutral,"ശാസ്ത്രജ്ഞൻ കസ്റ്റമർോട് പറഞ്ഞു, അവർ അറ്റകുറ്റപ്പണികൾ പൂർത്തിയാക്കിയെന്ന്."
ശാസ്ത്രജ്ഞൻ.ഒരു ആള.1.male,"ശാസ്ത്രജ്ഞൻ ഒരു ആളോട് പറഞ്ഞു, അവൻ കാഷ് നൽകാമെന്ന്."
ശാസ്ത്രജ്ഞൻ.ഒരു ആള.1.female,"ശാസ്ത്രജ്ഞൻ ഒരു ആളോട് പറഞ്ഞു, അവൾ കാഷ് നൽകാമെന്ന്."
ശാസ്ത്രജ്ഞൻ.ഒരു ആള.1.neutral,"ശാസ്ത്രജ്ഞൻ ഒരു ആളോട് പറഞ്ഞു, അവർ കാഷ് നൽകാമെന്ന്."
ശാസ്ത്രജ്ഞൻ.ഒരു ആള.0.male,"ശാസ്ത്രജ്ഞൻ ഒരു ആളോട് പറഞ്ഞു, അവൻ അറ്റകുറ്റപ്പണികൾ പൂർത്തിയാക്കിയെന്ന്."
ശാസ്ത്രജ്ഞൻ.ഒരു ആള.0.female,"ശാസ്ത്രജ്ഞൻ ഒരു ആളോട് പറഞ്ഞു, അവൾ അറ്റകുറ്റപ്പണികൾ പൂർത്തിയാക്കിയെന്ന്."
ശാസ്ത്രജ്ഞൻ.ഒരു ആള.0.neutral,"ശാസ്ത്രജ്ഞൻ ഒരു ആളോട് പറഞ്ഞു, അവർ അറ്റകുറ്റപ്പണികൾ പൂർത്തിയാക്കിയെന്ന്."
ഡിസ്പാച്ചർ.കസ്റ്റമർ.1.male,"ഡിസ്പാച്ചർ കസ്റ്റമർോട് പറഞ്ഞു, അവൻ കാഷ് നൽകാമെന്ന്."
ഡിസ്പാച്ചർ.കസ്റ്റമർ.1.female,"ഡിസ്പാച്ചർ കസ്റ്റമർോട് പറഞ്ഞു, അവൾ കാഷ് നൽകാമെന്ന്."
ഡിസ്പാച്ചർ.കസ്റ്റമർ.1.neutral,"ഡിസ്പാച്ചർ കസ്റ്റമർോട് പറഞ്ഞു, അവർ കാഷ് നൽകാമെന്ന്."
ഡിസ്പാച്ചർ.കസ്റ്റമർ.0.male,"ഡിസ്പാച്ചർ കസ്റ്റമർോട് പറഞ്ഞു, അവൻ അറ്റകുറ്റപ്പണികൾ പൂർത്തിയാക്കിയെന്ന്."
ഡിസ്പാച്ചർ.കസ്റ്റമർ.0.female,"ഡിസ്പാച്ചർ കസ്റ്റമർോട് പറഞ്ഞു, അവൾ അറ്റകുറ്റപ്പണികൾ പൂർത്തിയാക്കിയെന്ന്."
ഡിസ്പാച്ചർ.കസ്റ്റമർ.0.neutral,"ഡിസ്പാച്ചർ കസ്റ്റമർോട് പറഞ്ഞു, അവർ അറ്റകുറ്റപ്പണികൾ പൂർത്തിയാക്കിയെന്ന്."
ഡിസ്പാച്ചർ.ഒരു ആള.1.male,"ഡിസ്പാച്ചർ ഒരു ആളോട് പറഞ്ഞു, അവൻ കാഷ് നൽകാമെന്ന്."
ഡിസ്പാച്ചർ.ഒരു ആള.1.female,"ഡിസ്പാച്ചർ ഒരു ആളോട് പറഞ്ഞു, അവൾ കാഷ് നൽകാമെന്ന്."
ഡിസ്പാച്ചർ.ഒരു ആള.1.neutral,"ഡിസ്പാച്ചർ ഒരു ആളോട് പറഞ്ഞു, അവർ കാഷ് നൽകാമെന്ന്."
ഡിസ്പാച്ചർ.ഒരു ആള.0.male,"ഡിസ്പാച്ചർ ഒരു ആളോട് പറഞ്ഞു, അവൻ അറ്റകുറ്റപ്പണികൾ പൂർത്തിയാക്കിയെന്ന്."
ഡിസ്പാച്ചർ.ഒരു ആള.0.female,"ഡിസ്പാച്ചർ ഒരു ആളോട് പറഞ്ഞു, അവൾ അറ്റകുറ്റപ്പണികൾ പൂർത്തിയാക്കിയെന്ന്."
ഡിസ്പാച്ചർ.ഒരു ആള.0.neutral,"ഡിസ്പാച്ചർ ഒരു ആളോട് പറഞ്ഞു, അവർ അറ്റകുറ്റപ്പണികൾ പൂർത്തിയാക്കിയെന്ന്."
